id_img,label
10052,happy
10065,sad
10079,angry
10095,angry
10121,angry
10148,angry
10163,sad
10215,neutral
1024,happy
10286,fear
10315,neutral
10336,happy
10338,surprise
10371,fear
10382,happy
10399,happy
10415,neutral
10426,sad
10551,angry
10554,happy
10583,surprise
10699,angry
10702,neutral
1071,sad
10743,angry
10746,neutral
10818,happy
10823,neutral
10825,neutral
10839,happy
10854,angry
10970,happy
11002,sad
11017,sad
11024,angry
11028,sad
1106,neutral
11075,angry
11093,happy
11096,fear
11158,happy
11169,happy
11186,angry
11188,sad
11200,sad
1124,angry
11266,sad
1127,happy
11337,angry
11342,angry
11400,sad
11421,angry
11467,neutral
11561,happy
11610,angry
11613,angry
11632,sad
11642,neutral
11675,angry
11694,angry
1177,angry
11813,angry
11841,surprise
11849,angry
11883,fear
11949,happy
11964,angry
11986,neutral
12136,neutral
12144,happy
1215,neutral
12171,neutral
12183,neutral
12230,angry
12237,sad
12307,sad
1235,fear
12352,fear
12489,sad
12680,angry
12695,angry
12733,angry
12808,angry
12810,sad
12841,fear
12842,sad
12851,angry
12928,sad
12945,angry
13029,angry
13041,surprise
13057,surprise
13059,angry
13092,neutral
13118,angry
13167,happy
13220,neutral
13267,fear
13279,angry
13334,neutral
13351,sad
13376,neutral
13395,neutral
1340,angry
13431,neutral
1350,sad
13514,sad
13533,happy
13535,angry
1358,sad
13582,fear
13599,neutral
13607,angry
13671,sad
13672,happy
13738,angry
13758,neutral
1386,happy
13890,neutral
13978,happy
14022,surprise
14030,angry
14058,sad
14108,angry
14118,happy
14120,fear
14148,happy
14185,sad
14206,angry
1422,fear
14243,happy
14315,fear
14329,happy
14357,angry
14376,neutral
1438,neutral
14381,happy
14421,happy
14438,neutral
14498,angry
14557,neutral
1460,sad
14706,angry
1477,surprise
14775,neutral
14821,happy
14831,sad
14870,angry
14945,neutral
15074,fear
1508,sad
15138,angry
15172,fear
15190,angry
15194,angry
15217,angry
15222,neutral
15295,sad
15474,sad
15500,angry
15502,happy
1555,neutral
15562,angry
15637,happy
15644,neutral
15654,surprise
15699,neutral
157,angry
15709,happy
15712,angry
15715,surprise
15725,fear
1575,happy
15771,happy
1582,happy
15820,sad
15821,neutral
15835,neutral
1584,angry
15848,neutral
15897,sad
15919,angry
15941,sad
15954,sad
15979,angry
16033,neutral
16102,sad
16169,sad
16222,happy
16233,sad
16287,angry
16292,angry
16380,angry
16406,angry
16410,angry
16413,neutral
16428,angry
16506,surprise
16510,surprise
16557,sad
16565,sad
16643,happy
16659,fear
16681,neutral
16711,happy
1672,neutral
16764,fear
16768,neutral
16783,neutral
16792,angry
16875,fear
16999,neutral
17024,happy
17053,neutral
17085,sad
17099,sad
17167,happy
1717,angry
17170,neutral
17186,angry
17209,happy
17211,angry
17228,sad
17259,happy
17316,happy
17344,neutral
1736,fear
17371,angry
17413,happy
17428,happy
17445,neutral
17452,angry
17502,happy
17536,happy
17647,fear
17700,angry
17705,angry
17731,angry
17735,happy
17736,angry
17752,happy
17787,neutral
17910,angry
17939,happy
18001,sad
18050,sad
18140,angry
18142,sad
18161,surprise
18166,surprise
18183,sad
18200,neutral
18247,sad
1825,fear
18254,sad
18284,angry
18376,surprise
18380,sad
1841,angry
18415,sad
18445,happy
18459,surprise
18466,angry
18492,angry
18534,happy
18565,neutral
18566,neutral
18588,angry
18593,happy
18602,angry
18617,happy
18633,angry
18695,angry
18715,angry
18779,angry
1880,neutral
18810,neutral
18837,angry
18882,surprise
18903,happy
18949,neutral
18983,neutral
1899,sad
18994,angry
19014,happy
19060,neutral
19067,sad
1908,surprise
19093,happy
19108,angry
19114,surprise
19115,angry
19140,sad
19152,angry
19268,neutral
19292,neutral
19309,neutral
19392,sad
19476,disgust
19477,sad
19485,angry
1966,angry
19664,happy
19732,angry
19811,angry
1983,fear
19832,happy
19877,sad
19906,sad
19923,angry
1994,fear
19950,neutral
19961,happy
2006,sad
20222,fear
20227,neutral
20287,surprise
20290,angry
20298,fear
20303,sad
20312,happy
20328,happy
20353,angry
20374,neutral
20451,fear
2050,happy
20505,happy
20532,fear
2055,fear
20629,angry
20630,neutral
20635,angry
20640,happy
20653,angry
20673,neutral
20686,happy
20736,surprise
20739,happy
20796,angry
20817,happy
20849,neutral
21068,happy
21099,neutral
21111,happy
21131,happy
21135,neutral
21161,happy
2117,surprise
21173,disgust
21284,happy
21371,sad
21374,happy
2142,neutral
21447,surprise
21472,angry
21511,angry
21512,happy
21520,surprise
21541,sad
21573,sad
21670,sad
21703,fear
21723,neutral
21782,angry
21836,neutral
21865,sad
21916,angry
21921,happy
21922,happy
2194,sad
22089,angry
22183,fear
22184,happy
22198,sad
2225,happy
22309,happy
22334,surprise
22375,sad
22516,happy
22695,sad
22733,angry
22739,happy
22789,happy
22807,neutral
22810,angry
22832,happy
2290,sad
22990,angry
23,sad
23008,happy
23041,neutral
23059,neutral
23085,happy
23164,angry
23194,angry
23215,neutral
23230,sad
23246,angry
23327,angry
23404,sad
23468,fear
23473,happy
23488,happy
23521,fear
23532,angry
23749,angry
23780,sad
23783,fear
23814,angry
23847,neutral
23886,fear
24067,sad
2407,happy
24071,happy
24176,fear
24184,angry
24252,sad
24378,angry
24412,sad
24428,happy
24435,happy
24437,sad
24441,fear
24466,happy
24490,neutral
245,neutral
24501,sad
24542,sad
24660,fear
24678,angry
24711,neutral
24789,angry
24797,surprise
24819,angry
24821,happy
2484,angry
2486,happy
2487,angry
24886,sad
249,happy
24959,surprise
24967,happy
2498,angry
24992,sad
25082,sad
25088,happy
251,fear
25101,fear
2511,happy
25131,angry
25144,angry
25209,angry
25255,happy
25343,happy
25360,neutral
25435,happy
25528,angry
25542,happy
2557,angry
2558,angry
25612,happy
25681,neutral
25688,sad
25778,happy
25795,neutral
2581,neutral
25811,angry
25813,happy
25844,neutral
25874,angry
25876,angry
25886,angry
25891,happy
259,happy
25944,angry
25973,happy
26025,neutral
26038,happy
26059,angry
26121,neutral
26124,sad
26137,happy
26163,happy
26175,fear
26177,neutral
26181,angry
26185,surprise
26248,fear
26264,fear
26267,sad
26337,sad
26344,angry
26437,happy
26446,happy
26462,neutral
26572,angry
26597,happy
26618,fear
26620,disgust
2668,happy
26725,angry
26789,fear
26845,happy
26860,neutral
26886,neutral
26899,angry
26900,fear
26919,angry
26928,fear
26956,happy
27016,fear
27022,angry
27054,happy
2709,sad
2712,neutral
27284,neutral
27296,angry
27385,angry
27413,neutral
27464,angry
27483,fear
27544,angry
2762,happy
27652,surprise
2770,angry
27704,happy
27715,happy
27726,happy
27744,angry
27770,neutral
27777,happy
27798,fear
27828,happy
2791,angry
27967,happy
27982,neutral
28015,neutral
28058,angry
28062,happy
28120,fear
28144,surprise
28148,sad
28149,neutral
28207,angry
28248,angry
28288,angry
28300,happy
28401,happy
28438,happy
28498,sad
28509,neutral
28543,sad
28547,angry
28560,angry
28585,angry
28614,angry
28618,neutral
28620,angry
28660,angry
28707,surprise
28720,angry
28731,neutral
28737,surprise
28743,happy
28749,angry
28800,happy
28840,sad
28867,angry
28884,neutral
2890,happy
28932,happy
28952,angry
29085,fear
29119,angry
29132,angry
29202,happy
29266,angry
29319,surprise
2933,angry
29414,neutral
29471,angry
29477,neutral
29493,angry
29523,angry
29527,sad
29554,sad
29571,angry
29581,angry
29588,angry
29614,happy
29669,happy
29685,sad
29730,happy
298,happy
29818,surprise
29866,happy
29929,neutral
29931,surprise
29947,neutral
29977,sad
29980,neutral
30002,sad
30004,neutral
30015,happy
30024,angry
30058,neutral
30059,happy
30082,neutral
30085,sad
30171,happy
3021,angry
30260,neutral
30273,sad
30290,neutral
30305,happy
30320,neutral
30325,happy
30394,surprise
30415,neutral
30420,surprise
30456,neutral
30458,sad
30460,fear
30490,neutral
30509,neutral
30535,sad
30563,neutral
30584,surprise
30619,happy
30901,angry
30933,sad
30944,happy
3099,happy
31033,angry
31042,neutral
31081,neutral
31083,sad
31138,fear
31142,happy
31203,angry
3121,sad
3137,angry
31491,happy
31529,happy
31544,sad
31609,happy
31635,neutral
31693,disgust
31703,neutral
3176,sad
31849,angry
3186,angry
31873,angry
3188,happy
31928,happy
32023,sad
32024,sad
32153,fear
32161,neutral
32223,happy
32231,happy
3226,angry
32278,disgust
32281,neutral
32298,neutral
32336,fear
32352,angry
32367,fear
32454,surprise
32464,neutral
32473,angry
3248,happy
32481,sad
32506,sad
32512,angry
32575,neutral
32584,sad
32617,fear
32662,happy
32755,sad
32777,angry
33015,angry
3303,surprise
33105,angry
33131,angry
33221,happy
3327,sad
33301,happy
33308,fear
3334,sad
33352,disgust
33444,neutral
33450,fear
33459,neutral
33494,angry
33560,happy
33573,angry
33633,sad
33666,happy
3370,happy
33729,neutral
3377,neutral
338,angry
33809,angry
33829,happy
33890,neutral
33924,happy
33926,sad
3393,fear
33935,neutral
33977,happy
33987,happy
33998,angry
34036,happy
34040,neutral
3412,angry
34138,happy
34151,fear
34175,happy
34178,angry
34184,angry
34238,happy
34259,fear
34352,neutral
34359,happy
34363,angry
34448,sad
34474,angry
3449,sad
34507,neutral
34581,angry
34592,fear
34596,sad
34620,angry
3467,fear
34714,fear
34778,sad
34879,surprise
35009,angry
35010,surprise
35028,angry
35041,sad
35059,angry
35145,angry
35149,happy
35162,neutral
35210,angry
3522,neutral
35261,happy
35298,happy
35407,angry
35425,angry
35439,angry
35447,neutral
35514,happy
3558,angry
3564,sad
35669,neutral
35681,surprise
35682,fear
35731,sad
35753,neutral
35805,sad
35809,angry
35820,neutral
35828,happy
35881,sad
35884,sad
3599,sad
3632,sad
377,sad
38,angry
3802,angry
3819,sad
3839,happy
3862,neutral
3870,happy
3913,sad
4015,neutral
404,sad
4060,neutral
4077,fear
4100,fear
4196,sad
4229,happy
4306,angry
4317,neutral
4324,happy
4349,sad
4384,angry
4396,fear
4397,sad
4459,happy
4468,angry
4502,fear
4579,neutral
4616,happy
4637,surprise
4660,happy
4665,angry
4670,sad
4700,neutral
4751,surprise
4807,fear
4878,angry
4937,sad
5010,neutral
5060,fear
5064,neutral
521,happy
5220,angry
5233,angry
5244,sad
5259,sad
5312,sad
5317,happy
5400,happy
5422,neutral
5432,sad
5434,surprise
5459,angry
5519,angry
5564,fear
5570,angry
5582,sad
5607,happy
5610,neutral
5637,angry
5732,angry
5739,neutral
5780,surprise
5810,fear
5822,happy
5859,sad
5883,angry
5888,sad
589,fear
5902,fear
5962,happy
6009,sad
6017,angry
6075,angry
608,sad
6088,angry
6119,happy
6129,angry
6155,neutral
6225,surprise
6232,angry
624,sad
6274,angry
6278,angry
6283,angry
6321,happy
633,happy
6347,angry
6364,neutral
6365,neutral
6375,angry
6390,sad
6420,angry
6426,sad
6471,surprise
6484,angry
65,neutral
654,happy
6547,angry
6555,neutral
6561,angry
6566,happy
6580,happy
6581,fear
6584,surprise
6618,angry
6621,sad
665,sad
6652,happy
6726,fear
6739,neutral
6745,sad
676,neutral
6766,angry
6809,happy
6890,neutral
6923,happy
6955,angry
6965,angry
7015,fear
7056,angry
7103,neutral
7136,happy
7174,happy
7219,neutral
7257,angry
7261,sad
727,neutral
7284,happy
7291,happy
7409,fear
7492,sad
7550,happy
7559,sad
7589,happy
764,neutral
7655,disgust
7668,neutral
7729,happy
7777,neutral
7793,disgust
7811,sad
7886,happy
7919,sad
7937,neutral
7979,happy
8000,happy
8001,angry
8052,happy
8096,neutral
8103,neutral
8130,surprise
8151,angry
816,happy
8267,happy
8275,angry
8299,sad
8402,angry
842,neutral
854,angry
8555,neutral
8581,angry
8593,sad
861,fear
8661,sad
8685,angry
8719,fear
8734,happy
8902,happy
8916,neutral
8969,angry
9012,neutral
9059,sad
9100,angry
9156,happy
9266,angry
9293,happy
9331,angry
9400,fear
9567,fear
9615,angry
966,angry
9691,sad
9698,neutral
9715,angry
9748,neutral
9785,angry
9802,happy
9811,neutral
9862,neutral
9884,sad
9931,happy
10053,angry
10435,sad
10532,neutral
1115,fear
11222,angry
11529,disgust
11639,disgust
12417,disgust
12753,disgust
13372,sad
13597,fear
13652,angry
13847,surprise
14041,fear
14869,sad
14954,sad
14958,neutral
15110,sad
16021,happy
16054,sad
16121,fear
16264,angry
16718,angry
17260,happy
18077,neutral
1843,fear
18464,disgust
18716,neutral
19649,happy
19734,neutral
19770,fear
19801,neutral
19831,sad
20761,happy
21744,neutral
21765,disgust
21851,happy
22320,happy
2275,happy
23141,happy
23153,fear
23665,angry
23876,sad
24578,fear
25267,angry
25538,disgust
25541,happy
26859,happy
2732,happy
2742,angry
28332,sad
28390,surprise
28710,sad
28987,angry
29158,neutral
29269,disgust
30347,sad
30428,disgust
30499,angry
30601,disgust
30719,happy
30761,disgust
30907,neutral
3101,happy
31232,happy
31323,fear
31796,neutral
31828,disgust
32487,surprise
32681,angry
33209,angry
33284,angry
33561,disgust
33670,neutral
33995,disgust
34022,happy
34432,angry
34505,happy
34519,happy
3521,fear
35376,fear
35580,disgust
3690,disgust
3778,disgust
4002,sad
4004,angry
4265,fear
4312,angry
4481,fear
4737,sad
5085,angry
533,disgust
573,disgust
6231,angry
6926,sad
7068,fear
7192,angry
7405,angry
7455,disgust
7592,happy
7835,disgust
807,neutral
8415,happy
8585,disgust
8726,fear
8893,disgust
8948,sad
9043,angry
9297,disgust
9460,disgust
9504,sad
10029,surprise
10043,happy
10044,sad
1008,fear
10099,fear
101,surprise
10189,fear
10263,neutral
10267,angry
10278,angry
10292,neutral
10355,fear
10409,happy
10437,neutral
10443,neutral
10445,sad
10458,surprise
10489,surprise
10493,surprise
10534,angry
1075,sad
10758,sad
1079,fear
10797,fear
10832,sad
10933,surprise
10944,happy
10968,neutral
10979,neutral
11030,fear
11036,angry
11039,happy
11054,neutral
11057,neutral
11104,sad
11112,neutral
11137,surprise
11143,happy
11146,sad
1116,angry
1128,surprise
1133,neutral
11353,fear
11360,happy
1137,neutral
11381,happy
11412,surprise
11416,sad
11471,angry
11536,surprise
1154,neutral
11559,neutral
11587,neutral
11653,surprise
11682,surprise
11687,sad
1169,happy
11704,surprise
11706,neutral
11727,happy
11729,sad
11747,neutral
11754,neutral
11774,angry
11816,fear
11855,happy
11904,fear
1193,surprise
11944,surprise
11968,surprise
11999,sad
12063,neutral
12125,sad
12255,happy
12259,happy
12313,fear
12334,angry
12350,surprise
12383,happy
12431,fear
12440,neutral
12472,neutral
12496,sad
12527,fear
12578,happy
12592,fear
12634,angry
12674,sad
12676,angry
12698,surprise
12712,angry
12737,surprise
12809,angry
12891,happy
12948,surprise
12986,fear
12988,sad
13067,neutral
13071,surprise
131,neutral
13114,neutral
13121,angry
13152,fear
13179,sad
13233,fear
1325,neutral
13250,angry
13252,happy
13301,happy
13306,angry
13308,fear
13310,angry
13362,happy
13394,neutral
13405,neutral
1343,happy
13482,fear
13486,sad
13518,fear
13549,surprise
13561,surprise
13585,angry
13587,neutral
13593,fear
13596,neutral
13638,sad
13664,surprise
1367,fear
13683,fear
13694,surprise
13798,fear
13855,fear
1389,surprise
13899,neutral
13913,happy
13921,happy
13928,sad
13933,neutral
13939,surprise
13965,fear
13971,neutral
1401,neutral
14011,fear
14033,sad
14037,neutral
14044,happy
14057,happy
14082,surprise
1410,surprise
14114,neutral
14117,angry
14268,fear
1429,sad
14306,sad
1441,sad
14444,neutral
14452,fear
14509,angry
14529,surprise
14551,happy
14605,sad
14620,angry
14637,happy
1465,happy
14722,fear
1474,sad
14744,sad
14747,happy
14786,sad
14789,angry
148,angry
1485,surprise
14891,happy
14987,neutral
15001,neutral
15012,happy
15040,happy
1506,sad
15088,sad
15134,fear
15191,happy
15198,fear
15260,happy
15268,fear
15279,surprise
15280,sad
1534,angry
15503,angry
15539,neutral
15544,fear
15578,happy
15615,surprise
15622,angry
15663,sad
15668,happy
15678,angry
1576,happy
15778,fear
15859,angry
15870,happy
15881,surprise
15921,fear
15950,neutral
15984,happy
1599,neutral
15999,happy
16039,fear
1606,sad
16071,fear
16113,angry
16134,fear
16226,sad
16277,angry
16318,fear
16330,fear
16346,surprise
16374,surprise
16395,sad
16429,sad
16440,happy
16450,fear
16486,fear
16489,sad
16501,happy
16503,sad
16523,neutral
16539,happy
1654,happy
16559,happy
1657,surprise
1660,angry
16609,sad
16632,angry
16674,fear
16775,surprise
16788,fear
16802,neutral
16811,sad
16830,fear
16915,sad
16930,happy
16954,neutral
16977,neutral
16990,sad
17105,angry
17107,happy
17114,fear
17180,fear
17191,angry
17213,happy
17217,fear
1722,fear
17236,fear
1727,angry
17314,fear
17334,sad
17369,neutral
17449,angry
17479,fear
17503,happy
17550,sad
17558,sad
1756,fear
17587,angry
17631,sad
17668,angry
17685,neutral
17707,sad
17710,fear
17762,happy
17816,happy
17831,neutral
17834,happy
17901,happy
17930,fear
17932,angry
17934,sad
1796,sad
1799,sad
18006,sad
18010,fear
18068,neutral
18073,fear
18104,surprise
18106,happy
18108,surprise
18117,angry
18148,neutral
18203,angry
18291,happy
18299,fear
18309,surprise
18317,happy
18325,fear
18336,fear
18364,neutral
1838,fear
18404,fear
18513,happy
18517,happy
18523,sad
18527,surprise
18542,fear
18569,fear
1857,angry
18574,fear
18641,angry
18713,sad
1873,surprise
18753,sad
18757,happy
18763,neutral
18905,sad
18908,fear
18911,surprise
18960,neutral
18974,angry
18976,fear
18984,sad
19000,fear
19020,surprise
19064,fear
19089,fear
19119,sad
19188,sad
19216,fear
19226,fear
19235,surprise
19252,happy
1929,happy
19349,happy
1939,neutral
19454,neutral
19473,sad
19497,happy
19559,angry
19599,angry
19612,happy
19644,neutral
19682,happy
19740,neutral
19754,sad
19810,fear
19841,angry
1986,fear
19888,fear
19896,neutral
19897,neutral
19995,happy
200,angry
20037,fear
20058,fear
20062,happy
20083,fear
20135,sad
20194,surprise
20214,neutral
20265,happy
20337,neutral
20411,surprise
20424,angry
20450,surprise
20461,fear
2047,angry
20476,happy
20495,happy
20508,angry
20526,neutral
20579,fear
20598,happy
20617,neutral
20715,neutral
20831,neutral
20843,surprise
20851,sad
20897,sad
20970,neutral
2098,happy
21,fear
21070,fear
21101,sad
21102,surprise
21227,surprise
21230,happy
21250,fear
21269,happy
21280,happy
21352,fear
21360,surprise
21387,surprise
21420,sad
21464,sad
21499,fear
21500,fear
21556,surprise
21559,surprise
21598,surprise
21615,neutral
21654,sad
21686,angry
21697,happy
2178,surprise
21833,surprise
21858,disgust
21877,sad
21946,surprise
21967,fear
22050,fear
22074,fear
22102,surprise
22130,surprise
22166,happy
2226,fear
22326,surprise
22349,happy
224,surprise
22458,happy
22485,sad
22520,surprise
22607,neutral
22640,sad
22662,neutral
22756,happy
22791,happy
22827,fear
22839,fear
22840,surprise
22917,neutral
22944,happy
22988,surprise
22997,neutral
23038,sad
23083,sad
23100,surprise
23126,fear
23142,neutral
23184,surprise
23192,sad
23209,surprise
23260,fear
23305,surprise
23332,sad
23362,fear
23368,neutral
23389,fear
23403,fear
23427,happy
23447,neutral
23463,fear
23477,angry
23517,happy
23540,surprise
23561,fear
23566,fear
2357,fear
23718,surprise
23731,sad
23767,neutral
23778,sad
2378,fear
23791,fear
2391,sad
24016,angry
24035,neutral
24088,fear
24089,fear
24131,neutral
2416,sad
24165,fear
24185,angry
24213,fear
24220,fear
2426,neutral
24452,sad
24479,fear
24482,fear
24539,neutral
24554,neutral
24562,surprise
24579,happy
24621,angry
24625,happy
24694,angry
24721,surprise
24753,sad
24763,fear
24778,happy
24822,sad
24880,fear
24948,fear
24963,sad
24978,sad
24991,neutral
25045,surprise
25046,fear
25061,angry
25074,surprise
25108,surprise
25109,sad
25133,sad
25162,angry
25191,neutral
25202,sad
25220,happy
25242,sad
25247,happy
25298,happy
25306,neutral
25327,sad
25359,angry
25439,happy
25481,neutral
25496,neutral
25555,fear
25570,surprise
25577,sad
25590,fear
25605,disgust
25621,fear
25638,angry
25647,fear
25710,fear
258,happy
25820,fear
25914,fear
2592,angry
2593,happy
26082,neutral
26091,happy
26097,sad
26131,neutral
26210,happy
26250,surprise
26275,happy
26283,neutral
26363,angry
26377,fear
26385,angry
26394,neutral
264,fear
26402,sad
26409,fear
2641,happy
26454,fear
26469,surprise
2651,sad
2657,sad
26582,neutral
26726,sad
2681,fear
26842,disgust
26895,neutral
26916,surprise
26927,angry
26973,surprise
26980,fear
270,fear
27006,fear
27077,sad
27094,neutral
27098,surprise
27103,fear
27145,happy
27300,fear
27308,angry
27359,fear
27363,happy
27369,sad
27488,sad
27503,angry
27509,happy
27591,happy
27635,happy
27709,neutral
27764,neutral
27772,sad
27806,angry
27846,sad
27868,fear
27889,surprise
2789,sad
27899,happy
27910,surprise
27937,neutral
28050,angry
28101,angry
28189,neutral
28210,neutral
28243,sad
28267,happy
28308,sad
28331,angry
28417,fear
28453,surprise
28503,surprise
28515,surprise
28548,fear
2858,neutral
2860,neutral
28627,angry
28701,happy
28704,fear
28724,angry
28729,sad
28734,neutral
28859,neutral
29005,happy
29026,fear
29027,angry
29043,fear
2906,angry
29068,fear
29126,angry
29152,sad
29219,angry
2927,neutral
29284,fear
29285,sad
29291,happy
29315,angry
29327,sad
29349,surprise
29389,fear
29478,sad
29528,surprise
29536,sad
29603,surprise
29629,neutral
29674,angry
297,happy
29701,sad
29709,surprise
29713,fear
29720,neutral
29731,neutral
29733,sad
29735,happy
29738,neutral
29795,happy
29869,sad
2987,angry
29871,sad
2988,surprise
29892,neutral
29912,happy
29924,angry
29990,sad
3000,happy
30062,happy
30074,sad
30196,happy
30206,neutral
30237,fear
30253,neutral
30316,surprise
30333,surprise
3036,sad
30482,fear
30564,sad
3057,sad
30594,surprise
30638,sad
30735,angry
30774,angry
30798,happy
3087,sad
30936,fear
31007,neutral
31105,angry
31107,happy
31116,fear
3112,angry
31130,neutral
31157,fear
31159,surprise
31188,fear
3124,neutral
31286,happy
31330,sad
31341,sad
31357,surprise
31375,happy
31395,happy
31398,angry
314,neutral
31421,sad
31461,fear
31526,angry
31535,happy
31569,fear
31625,fear
31638,angry
31655,angry
3170,surprise
31738,sad
31782,surprise
31821,happy
31855,fear
31860,fear
31866,happy
31903,fear
31916,happy
31940,happy
31954,sad
31973,sad
31979,happy
32076,happy
32097,sad
32103,angry
32180,neutral
32279,surprise
32323,surprise
32349,fear
32351,angry
32438,happy
32461,fear
32463,fear
32485,sad
32507,neutral
32551,fear
32569,surprise
32619,neutral
32623,angry
32642,sad
32682,angry
32688,sad
3269,fear
32692,sad
32696,surprise
32758,angry
32766,sad
32799,fear
32829,happy
32876,neutral
32879,happy
32889,angry
32931,angry
32940,surprise
32941,neutral
32946,happy
3296,happy
3297,sad
32996,sad
33007,happy
33051,sad
33097,fear
3314,fear
33215,fear
33258,sad
33299,fear
33358,happy
33390,neutral
33410,angry
33419,fear
33440,surprise
33490,sad
33519,fear
33535,sad
33548,fear
33559,happy
33587,fear
33608,sad
33617,sad
33644,happy
33673,surprise
33674,neutral
33701,sad
33718,sad
33806,fear
33855,sad
3391,angry
33919,fear
33940,happy
340,fear
3402,sad
34024,fear
34063,neutral
3409,happy
34097,sad
341,sad
34100,surprise
34117,neutral
34120,happy
34143,angry
34201,fear
34277,happy
34325,fear
34356,fear
34382,sad
34396,happy
34415,angry
34462,surprise
34465,fear
34522,happy
34545,fear
34613,neutral
34656,sad
34659,fear
34675,fear
3472,neutral
34730,sad
34755,surprise
34878,surprise
34897,disgust
34968,sad
34972,neutral
35022,fear
35120,surprise
35151,surprise
35202,fear
35207,fear
35230,surprise
35238,surprise
35250,happy
35257,sad
35279,neutral
35322,sad
35334,angry
35362,angry
35363,happy
35394,sad
35410,sad
35427,fear
35453,fear
35541,fear
35592,surprise
35629,fear
3565,sad
35697,fear
35709,angry
3584,neutral
35851,fear
3601,surprise
3645,sad
365,angry
3709,surprise
3714,neutral
3719,angry
3722,surprise
3736,sad
3739,sad
3742,angry
3783,neutral
3785,neutral
3836,happy
3837,sad
3985,happy
4033,surprise
4040,fear
4064,happy
4098,neutral
414,fear
418,fear
4200,happy
4217,angry
4234,neutral
4296,sad
4308,fear
4316,fear
4340,surprise
4411,fear
4453,fear
4516,surprise
452,happy
4523,fear
454,fear
4540,fear
4547,angry
460,fear
4650,fear
4821,happy
483,sad
4858,surprise
4901,happy
4917,surprise
4975,surprise
4979,fear
4986,fear
500,fear
5023,neutral
504,fear
507,surprise
5074,neutral
5097,happy
5117,happy
5184,sad
5222,surprise
5253,surprise
5263,surprise
5283,happy
5360,neutral
538,sad
546,neutral
5472,surprise
5514,neutral
5567,sad
5622,fear
5638,neutral
5654,sad
5717,happy
5736,surprise
5809,surprise
5858,angry
5957,angry
5961,sad
5989,happy
5992,happy
6035,happy
6037,fear
6054,sad
6059,happy
6062,angry
6064,fear
6091,surprise
6106,sad
6152,happy
6153,neutral
6176,angry
6179,fear
6214,surprise
6311,angry
6345,neutral
6346,neutral
6366,surprise
6469,fear
6495,sad
6515,fear
6608,sad
6732,fear
6747,neutral
6808,fear
6814,angry
6876,neutral
689,happy
6902,happy
6909,surprise
6973,fear
6988,fear
7027,sad
7038,surprise
7102,happy
712,happy
7129,fear
7146,happy
7150,angry
7158,sad
7182,fear
7270,sad
7271,sad
729,sad
73,surprise
7302,surprise
7305,happy
7350,neutral
7394,neutral
741,neutral
7517,angry
7542,surprise
7580,neutral
7681,surprise
7684,happy
7748,fear
7749,sad
7756,angry
7786,fear
7819,sad
7846,fear
7875,happy
7894,neutral
794,neutral
7980,surprise
8035,fear
8040,angry
8043,neutral
8067,happy
8119,sad
8163,neutral
8177,happy
8178,fear
8239,happy
8350,fear
8433,angry
8454,sad
8474,angry
8481,neutral
85,neutral
8556,angry
859,fear
8611,happy
8637,fear
8645,surprise
8672,angry
872,fear
8754,fear
8795,neutral
8797,sad
8818,surprise
886,angry
9037,surprise
9040,surprise
9101,fear
911,happy
9179,sad
9205,fear
9232,fear
9251,surprise
9261,sad
9281,sad
9302,sad
9333,surprise
9369,surprise
9370,angry
9474,fear
949,sad
9602,fear
9606,fear
9842,angry
9898,angry
10019,happy
10023,fear
10074,happy
10096,happy
10106,happy
10126,sad
10138,happy
10141,surprise
1020,happy
10218,happy
10237,happy
10248,happy
10257,happy
1027,happy
10273,neutral
10276,happy
10312,happy
10317,happy
10344,happy
10362,happy
10367,happy
10370,happy
10432,happy
10456,surprise
10467,happy
10468,happy
10480,sad
10528,happy
10540,happy
10552,happy
1056,sad
10571,surprise
1058,happy
10622,happy
10638,happy
10640,sad
10644,happy
10647,happy
10683,happy
10703,sad
1074,happy
10770,happy
10773,happy
10792,fear
1081,happy
10811,happy
10841,happy
10879,happy
10903,happy
10935,fear
10956,happy
10992,happy
11019,happy
1111,fear
11150,happy
11208,happy
1121,happy
11236,fear
1130,angry
11345,happy
11349,happy
11392,happy
1141,happy
11500,happy
11508,happy
11516,happy
1152,happy
11530,happy
11549,happy
11552,happy
11558,happy
11573,happy
11575,happy
11588,happy
1159,happy
11594,happy
11604,happy
11614,happy
11637,sad
11646,happy
11658,happy
11717,happy
11733,happy
11763,happy
11766,happy
11772,neutral
11785,happy
11793,happy
11808,happy
11814,happy
11819,happy
11835,surprise
11842,happy
11850,happy
11885,happy
11927,happy
12011,happy
1202,sad
12024,happy
12098,angry
12120,happy
12129,happy
12141,happy
12191,happy
12239,happy
12257,happy
12284,happy
12321,neutral
12329,happy
12349,happy
12359,happy
12376,happy
12379,neutral
12381,fear
12410,happy
1246,happy
12487,happy
12492,fear
12497,surprise
12557,happy
12560,happy
12581,happy
12600,happy
12611,happy
12672,happy
12705,sad
12725,happy
12729,angry
12772,sad
12776,happy
12789,happy
12861,happy
12904,happy
12936,neutral
12951,happy
12956,happy
12957,happy
13037,happy
13073,happy
1309,happy
13105,happy
13108,happy
13127,neutral
13139,happy
13151,sad
1316,happy
13204,happy
13228,happy
13283,happy
13317,happy
13322,happy
1334,happy
13348,fear
13353,happy
13363,happy
13366,sad
13385,angry
1341,happy
13427,happy
13428,happy
13449,happy
13456,happy
13476,happy
13502,happy
13526,happy
13528,neutral
13570,happy
13584,happy
13590,happy
13615,fear
13618,happy
13655,happy
13703,happy
13706,happy
13715,happy
13757,neutral
13761,neutral
13792,sad
13802,happy
1381,happy
13833,sad
13848,happy
13874,happy
13877,happy
139,happy
13911,angry
13912,surprise
13925,happy
1395,sad
13955,sad
13968,surprise
13969,happy
13991,happy
14063,happy
14092,happy
141,neutral
14139,happy
14152,happy
14155,happy
14169,happy
14236,happy
14278,happy
14282,happy
14292,happy
14310,happy
14314,happy
14327,happy
14348,fear
14360,happy
14371,happy
14378,happy
14419,fear
14427,happy
14448,neutral
14473,happy
14475,happy
14516,happy
14517,angry
14518,sad
14546,happy
14586,happy
14593,happy
14611,happy
14700,happy
14730,happy
14757,happy
14759,angry
14792,happy
14877,happy
1491,happy
14965,happy
14973,sad
15039,happy
15060,happy
15077,happy
15099,happy
1512,happy
15147,happy
15181,happy
15212,happy
15216,happy
15221,sad
15229,happy
15257,happy
15269,happy
15271,happy
15292,happy
15310,happy
15323,happy
15331,neutral
15335,happy
1538,happy
15397,happy
15400,happy
15409,happy
15426,sad
15432,happy
15438,happy
15443,happy
15455,neutral
15494,happy
15520,neutral
15523,surprise
15589,happy
15616,happy
15621,happy
15677,happy
15708,happy
15758,happy
15767,happy
15791,happy
15843,happy
15854,happy
15885,happy
15910,happy
15966,happy
15976,happy
15983,neutral
16037,fear
16042,happy
16064,happy
16076,happy
16081,happy
16106,neutral
16108,happy
16120,happy
16141,happy
16192,happy
16198,happy
16238,happy
16275,happy
1628,happy
16308,happy
16370,happy
16375,happy
1640,happy
16407,happy
16423,happy
16444,happy
16460,happy
16511,happy
16550,happy
16562,happy
16583,happy
16588,happy
16596,angry
16604,happy
16611,happy
16619,sad
16633,happy
16649,happy
16667,happy
16699,happy
167,happy
1670,neutral
16700,happy
16712,happy
16734,happy
16738,happy
16751,happy
16752,sad
16759,happy
16770,happy
16795,happy
16799,happy
16809,happy
16818,happy
16952,happy
16967,neutral
16971,fear
1699,happy
17002,fear
17007,neutral
17010,fear
17021,happy
17022,happy
17032,happy
1704,neutral
17041,happy
1707,happy
17098,happy
17104,happy
17117,happy
17188,happy
17194,happy
17207,happy
17220,happy
17319,happy
17367,neutral
17381,happy
17397,happy
17402,happy
17447,happy
17462,neutral
17470,happy
17484,happy
17485,neutral
17494,happy
17498,happy
17506,fear
17524,happy
17541,happy
17543,happy
17552,happy
17609,happy
17624,happy
17654,happy
1768,happy
17682,happy
17684,happy
17692,happy
17694,happy
17698,happy
1770,happy
17715,happy
17772,happy
17799,happy
17802,happy
17821,happy
1787,happy
17904,happy
1793,happy
17936,happy
18016,happy
18018,happy
18025,neutral
18033,happy
18037,happy
18080,happy
18082,happy
1815,happy
18165,happy
18173,happy
18205,happy
18226,happy
18237,happy
18245,happy
18249,fear
18250,happy
18256,happy
18259,happy
18297,happy
18308,happy
18383,happy
18405,happy
18424,sad
18425,happy
18442,happy
18443,happy
18471,happy
18476,happy
18483,happy
18487,happy
18503,happy
18505,happy
18531,happy
18541,surprise
18556,happy
18568,happy
18578,happy
18655,happy
18662,happy
1869,happy
187,angry
18700,angry
18729,happy
18783,happy
18822,happy
18827,sad
18834,happy
18835,happy
18849,happy
18861,happy
1887,happy
18873,happy
18885,happy
18898,happy
18904,surprise
18930,happy
18944,happy
18948,happy
18952,happy
19008,happy
19012,happy
19025,happy
19056,happy
19062,happy
19063,happy
19074,happy
19105,happy
19127,happy
19130,happy
19132,happy
19137,happy
19148,happy
19160,happy
19162,happy
1919,happy
192,surprise
1920,happy
19210,happy
19245,happy
19263,happy
19269,happy
19284,happy
19291,happy
19317,happy
19318,happy
19323,happy
19346,happy
19357,neutral
19370,happy
19377,happy
19378,happy
1938,happy
19398,happy
19402,happy
19438,happy
19449,happy
19478,happy
19492,happy
19496,happy
19499,happy
19514,happy
1953,happy
19536,happy
19548,happy
19568,happy
19589,happy
19597,happy
196,happy
19600,happy
19605,sad
19668,happy
19680,happy
19696,happy
19700,happy
19709,happy
19711,surprise
1974,happy
19744,happy
19747,neutral
19748,happy
19768,happy
19803,happy
19837,happy
19883,happy
19889,happy
19918,happy
19957,happy
19958,happy
19962,happy
19968,surprise
2001,happy
20023,happy
20025,happy
20032,happy
20039,angry
20048,happy
20091,happy
20111,happy
2012,happy
20120,happy
20122,happy
20140,happy
20155,angry
20165,happy
20181,fear
20196,happy
20208,happy
20213,happy
20216,neutral
20218,happy
20229,happy
20239,neutral
20252,happy
20267,happy
20285,happy
20296,sad
20318,happy
20355,happy
20365,happy
20371,happy
20377,happy
20412,happy
20430,angry
20445,happy
20490,happy
20500,happy
20507,angry
20519,happy
20547,happy
20561,happy
20567,happy
2058,happy
20580,happy
20595,happy
20616,happy
2064,happy
20666,happy
20675,neutral
20684,happy
20685,happy
2069,happy
20745,happy
20821,happy
20829,happy
20850,happy
20857,happy
20865,happy
20866,happy
20889,happy
20918,happy
20941,happy
20945,neutral
20949,happy
20958,happy
20972,sad
20984,happy
20988,happy
20994,happy
210,happy
21006,happy
21027,happy
21033,happy
21077,angry
21097,happy
21098,happy
21120,happy
21143,neutral
21177,happy
21185,happy
2120,happy
21200,neutral
2122,happy
21235,surprise
21292,happy
213,happy
21305,happy
21316,happy
21348,happy
2135,happy
2137,happy
21376,happy
21384,happy
21394,happy
21439,happy
21441,happy
21460,happy
21473,happy
21483,angry
21501,happy
2152,fear
21524,happy
21538,happy
21574,sad
2159,happy
21593,happy
21602,happy
21605,happy
21618,happy
21699,happy
21708,happy
21750,happy
21778,sad
21783,happy
21787,happy
2182,happy
21825,happy
21835,happy
2184,happy
21846,happy
21876,happy
21899,happy
21927,happy
21942,happy
21943,happy
21961,happy
21990,neutral
2204,happy
22056,neutral
22064,sad
22080,happy
22097,happy
22111,happy
22138,sad
22140,happy
22150,happy
22154,happy
22178,angry
22179,happy
22191,happy
22194,happy
22201,sad
22247,happy
22289,sad
22290,happy
22301,sad
2231,happy
22340,happy
22346,happy
22347,happy
22351,fear
22380,happy
22388,happy
22395,happy
22424,happy
22459,happy
22466,happy
22506,happy
22532,happy
22545,sad
22560,happy
22574,happy
22600,happy
22604,happy
22612,happy
22614,happy
22671,happy
22679,angry
22711,happy
22750,happy
22754,fear
22763,happy
22778,happy
22784,happy
22804,happy
22805,happy
2282,happy
22834,angry
2284,happy
22863,surprise
2287,happy
22894,happy
22900,happy
22910,angry
2293,happy
22935,happy
22991,happy
23028,happy
2305,happy
2307,happy
2308,happy
23096,happy
23101,happy
23114,happy
23122,happy
23170,happy
23238,happy
2324,happy
2327,happy
23293,happy
23319,happy
23320,sad
23321,happy
23334,happy
23377,happy
23380,happy
23381,happy
23419,happy
23440,happy
23453,happy
23462,neutral
2350,happy
23501,happy
23525,happy
23555,happy
23559,fear
23572,happy
23590,neutral
23612,sad
23621,sad
23664,happy
23667,happy
2374,happy
2377,happy
23770,fear
23786,happy
23801,happy
23813,happy
23848,happy
23862,happy
23865,happy
23866,happy
23891,happy
23897,happy
23920,happy
23933,happy
23946,happy
24027,happy
2403,sad
24054,neutral
24055,happy
24077,sad
24079,happy
24099,happy
2411,sad
24123,happy
24137,happy
24148,disgust
24161,happy
24189,happy
24200,happy
2421,happy
24211,happy
24219,neutral
24224,happy
2424,happy
24241,neutral
24259,surprise
24263,sad
24286,happy
24289,happy
24292,fear
24297,happy
24299,happy
24340,happy
24354,happy
24355,happy
2436,fear
24360,angry
24380,happy
24390,happy
24391,happy
24393,happy
24395,happy
24410,sad
24465,happy
24492,happy
2450,happy
24509,happy
24521,happy
24530,happy
24535,happy
24536,happy
24570,angry
24607,happy
24633,happy
24652,happy
24656,happy
24680,happy
24692,happy
24699,happy
247,happy
24718,happy
2472,happy
24731,sad
24747,happy
24764,happy
24769,happy
24777,happy
24783,happy
24823,neutral
2483,happy
24845,happy
24884,sad
24906,happy
24910,happy
2492,happy
24942,happy
24946,happy
25006,happy
25017,happy
25028,happy
25037,sad
25039,happy
25048,angry
25058,neutral
25123,happy
25163,happy
25180,happy
25186,happy
25199,happy
25223,sad
25271,happy
25275,neutral
25287,sad
25322,happy
25328,happy
25337,happy
25342,happy
25383,angry
25396,happy
25414,happy
25420,happy
25431,happy
25438,angry
25443,happy
25454,happy
25472,happy
25517,happy
25533,happy
2554,happy
2556,happy
25578,happy
2559,happy
25602,happy
25604,happy
25649,happy
25652,happy
25658,happy
25686,happy
25705,happy
25714,happy
25719,happy
25720,happy
25744,happy
25747,happy
25759,happy
25775,happy
25809,happy
25839,happy
25887,happy
25902,happy
25927,fear
25937,happy
25949,happy
25993,happy
26018,happy
2603,sad
26032,happy
26034,happy
26046,happy
26077,happy
26098,happy
26107,angry
2611,happy
26159,happy
26160,happy
26169,happy
2620,happy
26212,happy
26224,happy
2629,happy
26338,happy
26370,happy
26397,happy
2640,happy
26456,happy
26459,happy
26468,happy
26477,happy
2649,happy
26511,happy
2655,sad
26563,happy
26578,angry
26660,happy
26665,happy
26667,surprise
26676,happy
26703,happy
26720,happy
26736,happy
26775,happy
2678,happy
26819,happy
26840,happy
26850,sad
26873,happy
26888,happy
26891,happy
26906,happy
26909,happy
26913,happy
26935,happy
26960,happy
26963,happy
26967,happy
26978,happy
26981,happy
27048,happy
27051,happy
27105,angry
27106,happy
27128,happy
27140,happy
27152,happy
27162,happy
27172,happy
27187,happy
27196,happy
27197,happy
27204,neutral
27212,happy
27227,happy
27246,happy
27277,happy
27294,happy
2730,happy
27326,happy
27333,happy
27334,happy
27365,happy
27367,happy
27404,happy
27407,sad
27426,happy
27446,happy
2745,happy
27452,happy
27474,happy
27508,neutral
2754,happy
27554,neutral
27563,happy
27575,happy
27616,happy
27619,happy
27625,happy
27636,happy
27645,happy
27647,neutral
27648,happy
27662,neutral
27671,happy
27675,happy
27701,happy
2771,happy
2774,happy
27779,happy
27823,happy
27854,happy
2790,surprise
27928,happy
27931,happy
27932,happy
27940,happy
27944,neutral
27949,happy
2796,sad
28040,happy
28046,sad
2805,happy
2806,surprise
2810,happy
28105,happy
28108,sad
28115,happy
28138,happy
28140,happy
2816,neutral
2820,happy
28249,happy
28256,happy
28264,happy
28273,happy
28282,happy
28367,sad
28376,happy
28379,happy
28383,happy
28415,neutral
28474,happy
28502,happy
28522,sad
28529,happy
2857,happy
28581,happy
28590,happy
28594,happy
28600,happy
2861,happy
28632,happy
2867,happy
28676,happy
28688,angry
28772,surprise
28797,surprise
28807,happy
28814,happy
2885,happy
28871,happy
28897,angry
28928,happy
28934,happy
28938,happy
28949,happy
28954,neutral
28955,happy
28962,happy
28963,fear
28982,happy
29003,happy
29019,happy
29020,angry
29067,happy
29071,neutral
29074,happy
29111,happy
29123,happy
2913,happy
29185,happy
29211,happy
29214,happy
29248,sad
29258,happy
29290,neutral
2930,happy
29300,happy
29329,happy
29365,happy
29370,happy
2938,happy
29398,happy
29415,happy
29423,sad
29456,happy
29460,happy
29464,angry
29467,happy
29475,sad
2948,happy
29504,happy
29555,happy
29578,happy
29589,happy
29645,happy
29647,happy
29648,happy
29649,happy
2965,happy
29680,happy
29697,happy
29699,surprise
29707,angry
29724,sad
29766,angry
29769,happy
29773,happy
29821,happy
29834,happy
29844,angry
2985,happy
29889,happy
29919,happy
29979,happy
29981,happy
29987,happy
29991,happy
30,happy
30006,happy
30016,happy
30069,neutral
30099,happy
3010,happy
30102,happy
30114,happy
30119,happy
30127,angry
30143,sad
3016,happy
30164,happy
30188,happy
30193,happy
30216,happy
3022,happy
30221,happy
3024,happy
30241,happy
30245,happy
3029,happy
30297,happy
30328,happy
30332,happy
30337,happy
30338,happy
30341,happy
30400,happy
30407,happy
30424,happy
30478,happy
30585,neutral
30646,happy
30651,happy
30652,happy
30661,happy
30675,happy
30683,happy
30689,happy
3069,happy
30704,happy
30728,happy
30737,happy
30738,surprise
30749,happy
3077,happy
30772,angry
30779,happy
30793,neutral
30808,neutral
30820,happy
30822,happy
30823,happy
30825,happy
3083,happy
30830,happy
30835,happy
30851,happy
30855,happy
30856,neutral
3086,happy
30871,happy
30893,surprise
30909,happy
30948,happy
30951,happy
30961,fear
30962,happy
30965,happy
30981,sad
31010,neutral
31029,happy
31043,neutral
31056,happy
3106,happy
31080,happy
31101,fear
31112,happy
31137,happy
31140,happy
31141,happy
31145,happy
3117,happy
3120,happy
31209,happy
31239,happy
31285,happy
31295,happy
3131,happy
31316,happy
3132,happy
31366,happy
3138,happy
31384,happy
3144,happy
31440,happy
3146,happy
31542,happy
31551,happy
31571,happy
31572,happy
3162,happy
31627,sad
31629,happy
31659,happy
31697,happy
31742,happy
31752,happy
31806,happy
31811,happy
3182,happy
31833,happy
31853,happy
31858,happy
31870,happy
31897,happy
31908,happy
31929,surprise
31952,happy
31977,happy
31987,happy
32046,happy
32047,happy
32048,happy
32051,happy
3209,happy
32142,happy
32144,happy
3215,sad
32177,happy
32248,happy
32344,happy
32354,happy
32372,happy
32377,happy
32382,sad
32388,neutral
32402,happy
32439,happy
3245,sad
325,happy
3250,happy
32541,happy
32544,fear
32568,happy
32570,angry
32574,happy
32595,happy
3260,happy
32607,happy
32614,happy
32624,happy
32627,happy
32684,happy
32725,happy
32763,happy
32769,happy
32773,happy
3278,happy
32796,happy
32826,happy
32835,happy
32837,sad
32838,happy
32849,sad
32913,happy
32917,happy
32950,happy
32952,happy
32953,happy
32958,fear
32973,happy
32993,happy
32997,happy
32998,happy
33016,happy
33017,happy
33024,happy
33046,happy
33065,happy
33066,angry
33071,neutral
33084,fear
33091,happy
33094,happy
331,happy
3313,happy
33144,happy
33174,happy
33175,happy
3318,sad
33188,happy
33212,happy
33216,happy
33228,happy
33231,happy
33240,happy
33268,angry
33283,happy
333,happy
33319,happy
33320,happy
33322,happy
33326,surprise
33343,neutral
33357,happy
33366,happy
33375,happy
33407,happy
33423,happy
33455,angry
33460,neutral
33463,happy
33518,happy
33525,happy
33530,happy
33533,happy
33544,fear
33564,happy
33610,happy
33648,sad
33660,happy
33675,happy
33690,happy
33727,happy
33757,happy
33762,fear
33802,happy
33807,neutral
33842,happy
33853,happy
33874,happy
33915,sad
33917,happy
33933,happy
33938,happy
33981,happy
34015,happy
34049,happy
34057,happy
34098,happy
3410,angry
34102,happy
3411,happy
34119,happy
34129,happy
3414,happy
34170,happy
34219,happy
3422,happy
34226,happy
34234,neutral
34244,happy
34257,happy
34295,happy
34302,happy
3431,happy
34316,happy
34361,happy
34375,happy
34386,happy
34397,sad
34412,happy
34435,happy
34437,happy
34464,happy
34468,happy
3447,angry
34471,fear
34483,happy
34498,happy
34510,happy
3452,happy
34567,happy
34569,angry
34585,fear
34599,happy
34600,happy
34644,happy
34645,happy
34649,happy
3465,happy
34688,sad
34720,happy
34724,happy
34737,happy
34753,happy
34756,happy
34759,happy
34761,happy
34768,neutral
34772,happy
34829,happy
34836,happy
34840,happy
34841,happy
34861,happy
34941,happy
34965,happy
34969,happy
34978,fear
35101,fear
35117,happy
35142,happy
35153,happy
35163,happy
35177,angry
35199,happy
35200,happy
35209,happy
35226,neutral
35291,happy
35321,angry
35341,sad
35346,happy
35364,happy
35369,neutral
35370,happy
35372,happy
3538,happy
3543,happy
35454,happy
35481,happy
35497,happy
35520,happy
35536,happy
35547,happy
35552,angry
35559,happy
35582,happy
35598,happy
356,happy
35603,happy
35659,angry
35664,happy
35677,happy
35685,happy
35698,happy
3570,happy
35707,happy
35721,happy
35724,happy
3574,sad
35767,happy
35771,happy
35787,happy
35792,happy
35794,happy
35804,happy
35850,happy
35856,happy
35860,happy
35869,happy
3590,happy
3647,happy
366,happy
3662,happy
3663,happy
370,happy
3755,happy
3763,happy
3766,happy
3772,happy
3811,happy
3818,happy
3842,happy
3875,happy
3891,angry
3906,happy
3958,angry
3959,angry
3969,happy
3977,fear
3978,happy
3982,happy
4029,happy
4041,happy
4084,happy
4090,happy
4094,happy
41,happy
4107,happy
4114,fear
4133,fear
4156,happy
4159,happy
4165,happy
4169,happy
4174,happy
4182,happy
4185,happy
4226,sad
4248,happy
4264,happy
4269,happy
4284,happy
4295,neutral
4345,surprise
4363,happy
4366,happy
440,happy
4433,happy
446,happy
4480,happy
4485,neutral
4492,happy
4506,happy
4526,happy
4549,angry
4558,happy
4576,happy
4580,neutral
4589,happy
4606,happy
4607,happy
4620,happy
4634,happy
4640,happy
4649,happy
4653,happy
4666,neutral
478,happy
4786,happy
4791,happy
4797,surprise
4803,happy
4814,happy
4827,happy
4832,happy
4849,happy
485,sad
487,happy
4910,happy
4948,happy
4980,happy
4988,happy
4996,happy
5006,happy
5008,happy
5048,happy
5062,happy
5089,happy
5102,happy
5127,happy
5154,neutral
5176,happy
5209,happy
5264,happy
5269,happy
527,happy
5278,sad
5279,happy
5289,happy
5293,surprise
5303,happy
531,neutral
5318,sad
5340,happy
5356,happy
5417,happy
5445,happy
5452,happy
5468,happy
5477,happy
5490,happy
5493,happy
5523,happy
553,happy
5548,happy
5558,sad
5594,happy
5618,happy
5674,happy
568,happy
5694,happy
5705,happy
5714,happy
5719,happy
5753,happy
5766,happy
5783,happy
5797,happy
5800,happy
5807,happy
5812,happy
5835,neutral
5857,happy
5891,happy
5904,angry
5919,happy
594,happy
5942,happy
5954,happy
5968,happy
5977,happy
5988,happy
6029,happy
6045,happy
6052,happy
6095,happy
6110,happy
6123,happy
613,neutral
6136,neutral
6169,happy
6175,happy
6183,happy
62,happy
620,happy
6206,neutral
6217,sad
6246,happy
6272,happy
628,neutral
629,happy
6368,happy
6378,happy
639,fear
6394,happy
6403,happy
6416,happy
6444,happy
6457,happy
6473,happy
6500,happy
6522,happy
6532,sad
655,sad
657,happy
6577,happy
659,happy
6603,happy
6616,angry
6677,fear
6686,happy
6689,happy
6691,happy
6700,happy
6703,sad
674,sad
6744,happy
6759,happy
6776,angry
6784,happy
6792,sad
681,sad
6811,happy
6818,happy
6865,happy
690,happy
6914,happy
6928,surprise
693,angry
6935,happy
6977,happy
6989,sad
7017,neutral
7020,happy
7026,happy
7029,happy
7065,happy
7080,happy
7100,neutral
7116,happy
7159,happy
7162,happy
7191,happy
7200,happy
721,happy
7244,happy
7245,happy
7292,sad
7299,happy
7333,happy
7335,happy
7366,sad
7379,neutral
738,happy
7392,happy
7413,happy
7425,sad
7441,happy
7511,angry
7531,happy
7532,happy
7537,fear
7548,happy
7561,happy
7590,happy
7603,happy
7659,happy
7664,happy
7672,happy
7674,happy
7680,happy
7700,happy
7702,happy
7712,happy
7713,happy
7737,happy
774,happy
7753,happy
7762,happy
7804,happy
7813,happy
7815,happy
7827,happy
7845,happy
7881,happy
7892,happy
7905,happy
7916,happy
7948,neutral
7975,happy
7986,happy
8,happy
80,happy
8020,happy
8027,neutral
8034,happy
8049,happy
8065,sad
8082,happy
8086,happy
8089,neutral
817,happy
8188,happy
8228,happy
8268,happy
8276,happy
8284,angry
8293,happy
8301,happy
8303,happy
8316,happy
8322,happy
8331,happy
8334,happy
8338,happy
8355,happy
8424,happy
8434,happy
8449,happy
8457,happy
8473,happy
8539,happy
8548,happy
8559,happy
856,happy
8649,neutral
8657,happy
8662,happy
8677,happy
8682,happy
8691,happy
8704,happy
873,happy
8753,happy
8756,happy
8762,happy
880,angry
8820,happy
8861,happy
8864,happy
8886,surprise
8915,happy
8940,happy
895,neutral
8960,happy
897,happy
898,happy
8993,happy
9005,happy
906,happy
9060,happy
9070,happy
9071,happy
9085,happy
9094,happy
9147,happy
915,sad
9152,happy
9167,happy
9174,happy
9180,happy
9202,happy
9206,happy
9222,happy
9246,happy
9272,happy
9286,happy
9371,happy
9392,happy
9412,sad
9416,happy
942,happy
9437,happy
9442,happy
9476,happy
9486,happy
951,happy
9538,happy
9542,sad
9570,happy
9571,happy
9598,sad
9599,happy
9605,happy
9640,sad
9687,happy
973,happy
9774,happy
9800,angry
9833,angry
9845,sad
9865,happy
9890,happy
9893,happy
9897,sad
9901,happy
9933,happy
9977,happy
9979,happy
9984,happy
10033,neutral
10048,sad
10068,happy
10117,happy
10118,sad
10134,fear
10150,happy
10247,sad
10266,neutral
10346,neutral
10406,neutral
1045,happy
10512,neutral
10518,neutral
10533,neutral
10535,angry
10549,neutral
10624,neutral
10634,sad
10653,neutral
10676,neutral
10693,neutral
10715,angry
10741,neutral
10774,neutral
10787,angry
10902,neutral
10906,neutral
10916,happy
10926,sad
1093,neutral
1094,neutral
1101,sad
11022,sad
11032,surprise
11034,neutral
11038,angry
11055,happy
11065,neutral
11098,neutral
11108,neutral
11130,sad
11168,neutral
11180,happy
112,neutral
11213,neutral
11218,angry
11233,fear
11251,neutral
1126,neutral
11269,sad
11277,neutral
11278,neutral
11317,neutral
11358,sad
11390,neutral
11395,happy
1142,neutral
11448,happy
11462,happy
11491,fear
11518,neutral
11560,happy
11603,neutral
11654,neutral
11660,happy
11686,neutral
11689,neutral
11725,happy
11738,sad
11783,neutral
11818,neutral
11823,sad
11834,neutral
11872,surprise
11875,sad
11889,angry
1189,happy
11913,neutral
11928,angry
11977,happy
12042,neutral
1206,neutral
12090,neutral
12096,neutral
12100,neutral
12106,surprise
12116,happy
12117,neutral
12162,happy
12173,neutral
1220,neutral
12202,surprise
12215,neutral
1222,neutral
1227,neutral
12272,happy
12289,surprise
12319,happy
12361,neutral
12363,neutral
12366,angry
12407,neutral
12423,neutral
1248,sad
12500,happy
12508,neutral
12519,disgust
12569,happy
12647,neutral
12801,neutral
12852,neutral
12869,neutral
12879,happy
12885,happy
12933,neutral
12976,neutral
1300,happy
13047,neutral
1313,happy
13161,neutral
13164,neutral
13188,fear
13212,happy
13237,neutral
13242,neutral
1328,happy
13337,happy
1336,neutral
1339,neutral
13409,neutral
13411,neutral
13424,neutral
13430,neutral
13433,angry
13441,sad
13467,fear
13498,neutral
135,angry
13531,neutral
13586,sad
13603,surprise
13619,neutral
13633,fear
13644,neutral
13653,sad
13670,neutral
13692,neutral
13695,happy
13800,neutral
13808,neutral
13825,surprise
13834,happy
13843,happy
13897,neutral
13909,happy
14047,neutral
1407,neutral
1411,neutral
14113,happy
14135,sad
14154,neutral
14170,happy
14174,neutral
14175,fear
14187,neutral
14190,happy
14224,happy
14342,neutral
14352,neutral
14362,angry
14406,sad
14436,neutral
14481,fear
14487,neutral
14495,neutral
14496,neutral
14513,sad
14542,neutral
14550,fear
14564,happy
14641,fear
14645,happy
14671,neutral
14703,neutral
14717,angry
14741,neutral
14859,neutral
14867,neutral
14929,neutral
1493,neutral
14957,neutral
14980,neutral
15007,fear
15013,fear
15044,neutral
15070,neutral
15102,neutral
15106,neutral
15120,neutral
15121,fear
15132,happy
15168,neutral
15193,happy
15207,happy
15210,neutral
15220,sad
15248,happy
15293,happy
15333,sad
15334,sad
15350,happy
15366,neutral
15387,neutral
15405,fear
15441,neutral
15445,neutral
15459,sad
15529,disgust
15536,neutral
15568,happy
15570,happy
15611,angry
15634,surprise
15638,fear
15651,fear
15686,happy
15713,neutral
15716,sad
15717,sad
1572,happy
15721,angry
15824,sad
15847,neutral
15890,happy
15904,sad
15932,angry
15963,neutral
16019,happy
16094,happy
16101,neutral
16143,sad
16196,sad
16257,sad
16324,neutral
16329,neutral
16350,sad
16363,fear
16389,surprise
16419,neutral
16463,happy
16464,happy
16476,neutral
16478,sad
16508,neutral
1656,neutral
16569,sad
16570,sad
16575,happy
16685,surprise
1669,happy
16696,neutral
16714,neutral
1675,neutral
16817,neutral
16823,neutral
1683,happy
16845,neutral
1685,angry
16860,happy
1688,angry
16890,neutral
16964,happy
16969,angry
16989,sad
17015,neutral
17018,neutral
17028,neutral
17131,neutral
1716,happy
17163,neutral
17212,neutral
17231,neutral
17251,angry
17267,fear
17273,sad
17276,neutral
17295,happy
17318,sad
17345,angry
17359,neutral
1737,neutral
1738,fear
17417,neutral
17424,neutral
17538,happy
17555,neutral
17563,sad
17582,neutral
1759,surprise
17598,neutral
17695,neutral
17702,happy
17790,neutral
17815,neutral
17837,neutral
1785,fear
17886,neutral
17973,happy
17980,happy
18035,neutral
18130,angry
18168,angry
18181,neutral
1819,neutral
18208,happy
18223,neutral
18281,neutral
18288,angry
1830,fear
18301,sad
18312,neutral
18321,sad
18339,happy
1835,happy
18388,neutral
18389,neutral
18431,neutral
18469,neutral
18497,neutral
18545,neutral
18554,sad
18658,neutral
18687,neutral
18703,neutral
18708,neutral
18725,happy
1874,happy
18778,neutral
18791,neutral
18803,neutral
18825,neutral
18909,surprise
1892,neutral
18926,neutral
1897,neutral
18973,happy
18986,sad
19009,happy
19131,neutral
19181,happy
19204,neutral
19214,sad
19234,fear
19259,happy
19329,angry
19340,surprise
19373,neutral
19390,happy
19411,neutral
19435,neutral
19495,fear
19533,neutral
19549,neutral
19571,sad
19581,neutral
19590,neutral
19591,happy
19609,happy
19615,neutral
19643,happy
1972,sad
19793,happy
19797,happy
19829,neutral
19855,sad
19863,neutral
1988,happy
19953,happy
19983,sad
19993,neutral
20008,neutral
20019,neutral
20028,neutral
20036,neutral
201,sad
20150,neutral
20157,neutral
2019,happy
20223,angry
20257,sad
20272,neutral
20274,sad
20289,neutral
20360,neutral
20372,sad
20416,neutral
20432,neutral
2044,neutral
20514,happy
20517,sad
2053,angry
20549,neutral
20588,sad
20603,surprise
20621,neutral
20665,happy
20670,angry
2068,happy
20680,neutral
20737,angry
20814,neutral
20833,sad
20856,sad
20875,neutral
20892,angry
20893,sad
20933,neutral
20948,neutral
21025,sad
21030,sad
21092,happy
21104,happy
21150,fear
21166,neutral
21167,sad
21199,angry
21210,neutral
21265,surprise
21311,neutral
21314,angry
2133,happy
21337,neutral
21351,neutral
21377,neutral
21386,neutral
21393,neutral
21404,sad
21451,happy
21455,happy
21470,fear
21475,sad
2149,neutral
21557,neutral
2156,happy
21589,neutral
21638,happy
21658,sad
21663,happy
21695,neutral
217,neutral
2172,neutral
21730,happy
21752,fear
21794,neutral
21812,neutral
21817,fear
21822,neutral
21852,surprise
21862,neutral
21880,happy
21962,surprise
21971,neutral
22023,happy
22028,neutral
2207,neutral
22088,happy
22091,happy
22095,neutral
22123,neutral
2216,happy
2223,neutral
22267,neutral
2227,neutral
22292,neutral
22325,neutral
22336,neutral
22354,sad
22357,surprise
22403,happy
22410,surprise
22442,neutral
22457,fear
22482,neutral
22508,fear
22517,surprise
22571,angry
22576,sad
22587,neutral
22617,angry
22627,angry
22655,fear
22688,neutral
22691,sad
22720,neutral
2273,sad
22774,neutral
22787,neutral
2279,neutral
22820,neutral
22867,neutral
22886,neutral
22916,surprise
22924,neutral
22974,sad
22987,sad
22992,fear
23012,neutral
2303,sad
23039,neutral
23057,neutral
23103,neutral
23119,neutral
23167,happy
23172,fear
23186,neutral
23204,neutral
23216,happy
23224,happy
23244,neutral
23272,fear
23291,happy
23343,neutral
23348,neutral
23396,neutral
23457,sad
23470,neutral
23487,happy
23565,sad
23609,neutral
23623,happy
23634,neutral
23666,neutral
23691,neutral
23722,neutral
23725,surprise
23741,happy
23794,fear
23858,neutral
23869,neutral
23929,happy
24003,fear
24051,neutral
24065,neutral
24101,neutral
24104,neutral
24105,neutral
24156,happy
24175,angry
24182,fear
24187,neutral
24232,sad
2427,fear
24347,neutral
24358,happy
2443,angry
24443,neutral
24531,happy
24573,neutral
24575,neutral
2458,happy
24725,neutral
24768,neutral
24774,angry
24779,neutral
24785,happy
24798,happy
24815,happy
24820,neutral
24877,neutral
24912,neutral
24931,fear
24962,neutral
24964,sad
25007,happy
25018,fear
25021,sad
25078,neutral
25089,neutral
25099,sad
2510,neutral
25151,neutral
25295,sad
25318,neutral
2535,happy
25372,happy
25391,neutral
25401,neutral
25409,neutral
25451,neutral
25497,neutral
25507,happy
25520,neutral
25537,neutral
25573,neutral
25593,neutral
25615,neutral
25627,happy
25635,happy
2564,neutral
25668,neutral
25678,neutral
25682,neutral
25685,neutral
25695,neutral
25701,sad
25723,neutral
25743,neutral
25773,neutral
25797,neutral
25800,neutral
25810,neutral
25818,neutral
25841,sad
2588,happy
25895,sad
25915,happy
25919,neutral
25969,fear
25978,angry
25979,happy
25994,neutral
26016,happy
26023,happy
26041,angry
26049,neutral
26056,happy
26067,sad
26069,sad
26081,fear
2613,neutral
26134,sad
26161,neutral
26187,sad
26190,sad
26192,neutral
26200,sad
26209,neutral
26223,happy
26227,neutral
26237,neutral
26318,neutral
26364,sad
26411,happy
26453,neutral
26464,neutral
26495,neutral
26539,neutral
26647,neutral
26654,sad
26682,neutral
26715,sad
26767,happy
2677,neutral
26771,sad
26833,happy
26839,fear
26851,happy
26892,happy
26901,sad
26961,neutral
2699,sad
2710,neutral
27115,happy
27190,happy
27218,sad
27229,happy
2727,happy
27299,sad
273,angry
27306,neutral
27329,neutral
27405,neutral
27465,neutral
2747,neutral
2750,happy
2753,neutral
27533,happy
27594,angry
27597,happy
2761,neutral
27642,happy
27646,happy
27650,happy
27683,sad
27692,neutral
27752,sad
27767,angry
27864,neutral
2792,neutral
27985,neutral
27995,happy
28005,neutral
28007,happy
28014,happy
28025,neutral
28084,sad
28153,surprise
28235,sad
28251,neutral
28269,happy
28278,happy
2829,neutral
28298,neutral
28359,sad
28471,neutral
28478,neutral
28480,sad
28493,sad
28499,sad
28507,surprise
28517,neutral
28531,sad
28535,happy
28539,sad
28546,fear
28549,neutral
28642,happy
28681,happy
2871,sad
28723,neutral
28769,neutral
28782,neutral
28836,sad
28842,neutral
28846,happy
28854,fear
28951,angry
29009,happy
2901,happy
29099,fear
29129,neutral
2914,sad
29216,sad
29246,happy
29256,sad
29311,sad
29324,neutral
29388,neutral
29403,happy
29428,neutral
29438,happy
29484,fear
29500,surprise
29505,neutral
29525,neutral
2953,angry
29556,neutral
29559,sad
2957,neutral
29608,neutral
29609,neutral
2962,fear
29637,neutral
29664,sad
29694,happy
29758,sad
2978,neutral
29794,neutral
2984,neutral
29840,neutral
29848,happy
29893,neutral
29916,neutral
29921,sad
29944,neutral
2995,fear
2998,neutral
30053,happy
30121,sad
30167,happy
30197,fear
30220,happy
30345,happy
30346,happy
30371,sad
30374,surprise
30422,angry
3050,sad
3051,neutral
30530,neutral
30543,happy
30546,happy
30581,neutral
30713,sad
30786,angry
30850,neutral
30976,neutral
31057,happy
31123,happy
31132,fear
31139,neutral
3115,sad
31164,sad
31189,neutral
3123,neutral
31240,neutral
31257,sad
31263,neutral
31307,angry
31332,sad
31347,sad
31371,neutral
31373,neutral
31478,happy
31483,angry
31486,neutral
31546,sad
31561,happy
31591,neutral
31713,neutral
3174,neutral
31774,neutral
31820,neutral
31869,sad
3191,neutral
31949,neutral
31997,sad
3204,neutral
32071,neutral
32081,neutral
3221,neutral
32216,neutral
32321,neutral
32330,angry
32355,happy
32360,neutral
32371,sad
32391,neutral
32443,neutral
32445,happy
32467,neutral
3247,sad
32479,neutral
32508,sad
32516,neutral
32547,neutral
32587,neutral
32605,sad
32636,happy
32671,angry
32683,happy
32730,neutral
3276,neutral
32778,happy
32782,neutral
32792,sad
32817,neutral
32855,neutral
32870,neutral
32905,sad
32914,happy
32935,happy
32939,neutral
32965,happy
32972,angry
32978,sad
33005,happy
33013,neutral
33022,neutral
33031,happy
33049,neutral
33052,happy
33100,happy
33124,sad
33159,angry
33182,angry
33219,fear
33243,neutral
33255,neutral
33317,neutral
33346,neutral
33381,happy
33399,sad
33452,neutral
33468,angry
33471,neutral
33514,sad
33526,neutral
33609,fear
33642,happy
33699,neutral
33710,happy
3375,neutral
33785,happy
33794,sad
33813,happy
33819,angry
33856,neutral
33858,neutral
33863,neutral
33865,neutral
33870,neutral
33880,neutral
33894,sad
3395,neutral
33965,happy
33999,happy
34037,neutral
3404,neutral
34059,sad
34088,sad
34093,neutral
34131,sad
34161,neutral
34269,happy
34272,neutral
34279,happy
34308,neutral
34324,neutral
34335,happy
34513,sad
34526,neutral
34530,neutral
34539,happy
34555,sad
34598,neutral
34612,neutral
34673,neutral
34685,neutral
34854,neutral
34870,fear
34875,neutral
34920,happy
34979,neutral
3502,angry
35034,sad
35075,neutral
35108,neutral
35129,neutral
35183,sad
35216,neutral
35229,sad
35241,neutral
35255,happy
35267,happy
35332,happy
3535,neutral
35356,neutral
3537,neutral
35400,neutral
35408,neutral
35484,surprise
35546,neutral
35576,neutral
35628,happy
35657,neutral
3566,neutral
35704,neutral
3575,neutral
35754,happy
35755,neutral
35764,happy
35775,surprise
35802,neutral
35852,neutral
3600,fear
3610,sad
3700,neutral
3729,happy
3792,neutral
3795,happy
3899,happy
3909,neutral
3929,neutral
3932,happy
3953,neutral
3986,neutral
405,neutral
4062,neutral
4124,sad
4137,happy
4194,fear
4223,neutral
4242,sad
4314,happy
4328,neutral
4339,neutral
4372,happy
4380,neutral
4394,happy
44,neutral
4443,neutral
4449,neutral
449,neutral
4552,happy
4553,happy
4563,neutral
4573,neutral
4574,neutral
4672,sad
4748,happy
4752,neutral
4770,neutral
4777,neutral
4802,neutral
4825,happy
4829,happy
4868,neutral
4870,happy
4883,neutral
4888,sad
4935,happy
4953,neutral
4998,neutral
5046,neutral
5053,neutral
5073,neutral
508,surprise
5087,neutral
5110,angry
5116,happy
5170,neutral
5186,neutral
5258,neutral
5267,happy
5323,neutral
5345,neutral
5361,happy
5385,sad
541,neutral
542,neutral
5444,neutral
5446,sad
5449,happy
547,neutral
551,happy
5527,sad
5536,neutral
5549,neutral
5561,neutral
5591,neutral
5651,sad
5687,neutral
5695,neutral
5708,neutral
5713,happy
5715,neutral
5724,neutral
5748,angry
5749,neutral
5784,neutral
5792,sad
5811,neutral
5831,angry
584,happy
5853,neutral
5865,happy
5912,angry
5931,neutral
5953,neutral
596,happy
5976,happy
5984,neutral
60,neutral
601,neutral
6078,neutral
6103,neutral
615,sad
6158,neutral
6180,neutral
6193,happy
6236,happy
6343,neutral
6351,happy
6388,neutral
6397,sad
6412,fear
644,neutral
649,sad
6502,neutral
651,neutral
6527,neutral
6599,neutral
662,neutral
6664,neutral
6710,happy
673,neutral
6813,neutral
6836,sad
6842,neutral
6869,neutral
6891,neutral
6934,sad
7008,sad
7009,neutral
7077,neutral
7092,happy
7110,happy
7131,neutral
7198,neutral
7220,neutral
7239,neutral
7254,neutral
7273,happy
7274,happy
7348,fear
7361,neutral
7376,neutral
7398,neutral
7462,happy
7466,neutral
7490,happy
7551,neutral
7571,neutral
7588,fear
7599,happy
7630,neutral
766,sad
767,neutral
7717,neutral
7755,sad
7765,happy
7772,neutral
7773,neutral
7788,fear
7823,sad
7831,happy
7871,happy
7903,neutral
7932,neutral
7953,angry
8003,happy
8054,neutral
8076,neutral
8083,fear
8105,neutral
8141,neutral
8179,angry
8211,neutral
8216,sad
8233,neutral
8247,neutral
8262,neutral
8264,happy
8280,neutral
8295,happy
8347,sad
8352,sad
8373,happy
838,neutral
8389,neutral
8392,sad
841,neutral
8410,happy
8471,happy
8483,fear
8498,neutral
8516,fear
8536,neutral
855,neutral
8599,fear
8687,neutral
8694,angry
8724,neutral
8763,fear
8768,happy
8782,happy
8788,neutral
8802,happy
8842,sad
8862,sad
8863,surprise
8868,neutral
8880,happy
891,sad
8919,neutral
8946,neutral
8976,sad
8980,neutral
9011,neutral
9016,neutral
9046,neutral
9050,sad
9069,neutral
9099,neutral
9128,neutral
913,angry
9149,neutral
917,happy
9170,neutral
9209,happy
9221,neutral
9235,neutral
9252,neutral
9273,happy
9276,sad
9288,neutral
9292,neutral
9324,happy
9335,neutral
9355,happy
9356,surprise
9360,happy
9381,happy
9415,neutral
9420,neutral
9434,neutral
9453,neutral
9473,happy
9477,neutral
9507,neutral
9543,neutral
9611,fear
9701,happy
9712,neutral
9718,happy
9773,neutral
9803,neutral
9838,happy
9867,neutral
9874,neutral
9936,neutral
9975,happy
9982,happy
9993,happy
10004,angry
1003,sad
10031,surprise
10073,sad
10114,neutral
10116,angry
10171,neutral
10172,sad
10176,happy
1022,happy
10252,surprise
1026,happy
10339,sad
10352,neutral
10375,happy
10383,sad
10386,fear
10423,sad
10425,sad
10455,surprise
10561,surprise
10607,happy
10620,sad
10655,sad
10686,neutral
10694,fear
10713,angry
10769,happy
1078,sad
10871,surprise
10881,neutral
10919,fear
11025,happy
11026,fear
11031,sad
11100,happy
11138,neutral
11140,happy
11163,happy
11192,sad
11209,happy
11234,happy
11241,happy
11264,happy
11280,sad
11284,sad
11295,happy
11316,neutral
11346,sad
11398,happy
1148,sad
115,happy
11523,sad
1156,surprise
11581,sad
11582,sad
11601,angry
11626,angry
11640,happy
11662,happy
11722,happy
1173,happy
11746,sad
11790,sad
11794,sad
11836,happy
11867,neutral
11876,fear
11880,happy
11891,sad
11909,angry
11966,happy
11978,fear
1198,sad
12040,happy
12074,sad
12092,angry
12113,fear
12119,sad
12190,sad
12246,neutral
12267,happy
12318,fear
12364,sad
12498,sad
12512,sad
12524,happy
12547,sad
12591,neutral
12594,fear
12621,sad
1264,neutral
12648,neutral
12659,neutral
12661,sad
12702,neutral
12758,fear
12791,happy
12818,sad
12827,sad
12899,happy
12958,neutral
1298,neutral
13000,angry
13027,sad
13051,happy
13091,sad
13150,sad
13162,fear
13180,sad
13187,sad
13293,surprise
13296,sad
13339,neutral
13380,happy
13421,neutral
13483,sad
13488,neutral
13505,happy
13510,happy
1353,sad
13562,angry
13575,sad
13598,happy
13631,neutral
1364,happy
13666,sad
13714,sad
13726,sad
13793,happy
13801,angry
13812,neutral
13852,sad
13870,angry
13888,happy
13907,happy
13940,fear
13979,happy
13983,neutral
14048,sad
14070,happy
14106,neutral
14122,sad
14127,happy
14136,happy
1420,sad
14208,happy
14226,sad
14250,happy
14346,neutral
14384,happy
14388,neutral
14459,angry
14464,angry
14472,happy
14474,happy
14484,neutral
14494,happy
14505,sad
14522,sad
14524,sad
14561,happy
14572,sad
14574,neutral
14578,happy
14682,happy
14696,sad
14729,sad
1482,neutral
14835,sad
14836,angry
15052,happy
15078,sad
15090,sad
15129,happy
15145,neutral
15167,neutral
15169,fear
15192,angry
15208,happy
15289,fear
15294,sad
1536,fear
15365,angry
15373,surprise
15436,sad
15447,neutral
15462,sad
15468,neutral
15484,happy
1549,happy
15534,happy
15535,sad
15565,happy
15580,sad
15592,happy
1560,fear
15613,sad
15642,sad
15657,sad
15696,happy
15697,sad
15795,angry
15867,neutral
15909,sad
15929,happy
16003,angry
16010,sad
16053,sad
16056,happy
16075,sad
16087,sad
16125,sad
16151,happy
16208,surprise
16304,happy
16338,happy
16387,angry
16388,neutral
16405,angry
16443,sad
1645,sad
16475,fear
16535,neutral
16558,sad
16645,happy
16706,sad
16710,sad
16776,happy
1678,happy
16787,neutral
16798,happy
16821,sad
16837,neutral
16839,happy
16863,neutral
16895,neutral
16938,sad
16962,neutral
16985,happy
17003,sad
17011,happy
17100,happy
17128,neutral
172,sad
17206,angry
17215,angry
17237,sad
17248,happy
17257,sad
17275,happy
17279,neutral
17293,sad
17297,angry
17331,happy
17341,neutral
17363,fear
17426,sad
17432,happy
1751,neutral
17518,neutral
17597,sad
17607,neutral
17625,sad
17662,sad
17666,neutral
17678,sad
17713,angry
17717,angry
1772,angry
17730,sad
17746,happy
17763,neutral
17767,sad
17775,happy
1778,angry
17784,fear
17794,happy
17887,sad
17912,fear
18047,sad
18067,neutral
18101,fear
18120,fear
18180,neutral
18193,sad
18260,sad
18270,angry
18300,sad
18345,sad
18349,sad
18361,neutral
18367,neutral
18381,sad
18457,sad
18475,sad
1854,sad
18550,sad
18573,neutral
18610,fear
18732,happy
18734,sad
18842,neutral
18855,sad
18872,fear
18888,fear
18897,angry
1891,sad
18914,neutral
18927,sad
1896,neutral
18962,neutral
19029,happy
19049,neutral
19082,surprise
19084,sad
19095,fear
19145,neutral
19165,happy
19179,neutral
1926,happy
19274,neutral
19285,sad
19303,happy
1931,sad
19364,neutral
1937,fear
19384,fear
19422,fear
19461,sad
19470,fear
19486,sad
19531,sad
19535,sad
19578,neutral
19607,fear
19663,happy
19674,neutral
1973,sad
19731,fear
19785,sad
19799,sad
19861,sad
19864,neutral
19880,neutral
19893,fear
19934,sad
19969,neutral
19973,happy
19975,fear
20,neutral
20072,happy
20073,neutral
20104,sad
20171,neutral
20192,sad
20193,neutral
20217,sad
20301,sad
20313,sad
2039,sad
20395,neutral
20400,neutral
20468,sad
20469,angry
20511,sad
20560,neutral
20563,fear
20589,sad
20650,sad
20656,sad
20667,surprise
20750,sad
2084,sad
20908,neutral
2091,happy
20964,neutral
20979,angry
21005,sad
21029,surprise
21036,angry
21078,sad
21082,sad
21201,angry
21221,sad
21249,sad
21275,happy
21282,fear
21312,fear
21324,neutral
21428,sad
21434,fear
21531,surprise
21535,sad
21549,angry
2157,sad
21632,sad
21666,sad
21681,sad
21715,happy
21720,sad
2176,sad
21766,sad
21769,surprise
21968,neutral
21978,happy
21988,sad
22004,fear
22032,happy
22051,neutral
22067,sad
22117,sad
22241,sad
22255,happy
22271,neutral
22319,neutral
22335,sad
2238,fear
2239,sad
22390,angry
22416,neutral
22419,happy
22448,angry
22449,sad
22452,sad
22521,sad
2256,sad
22602,sad
22619,sad
22631,neutral
22651,fear
22690,neutral
22704,neutral
22761,angry
22765,happy
22766,neutral
2278,angry
22808,neutral
22816,neutral
22937,neutral
22961,happy
22977,sad
22989,sad
23054,angry
23060,fear
231,neutral
2312,happy
23220,sad
23297,sad
23304,happy
23341,sad
23374,happy
23407,angry
23430,happy
23452,sad
23471,neutral
23483,sad
23507,neutral
23542,happy
23549,sad
23562,neutral
23584,fear
23601,sad
23654,sad
23658,neutral
2367,neutral
23675,happy
23700,happy
23715,angry
23748,fear
23760,sad
23764,neutral
23779,sad
23781,sad
23792,happy
23817,fear
23829,happy
23832,neutral
23853,sad
23884,neutral
23901,sad
23905,angry
23915,happy
23945,happy
23948,neutral
23965,sad
23968,sad
23978,happy
23991,sad
24013,sad
24057,happy
24066,neutral
24087,fear
2412,happy
24133,sad
24160,neutral
24168,sad
24173,sad
2418,sad
24183,neutral
24217,fear
24239,neutral
24247,happy
2431,sad
24329,neutral
24363,happy
24384,neutral
24420,sad
24421,happy
24460,happy
24473,sad
2451,sad
24543,angry
24545,sad
24582,happy
24643,surprise
24664,sad
24736,sad
2476,neutral
2478,neutral
2485,neutral
24881,sad
24909,angry
24916,happy
2496,happy
2499,angry
2502,surprise
25025,sad
25055,happy
25087,angry
25117,surprise
25126,sad
25211,neutral
25231,sad
25240,fear
25250,surprise
25281,neutral
2530,happy
2533,angry
25330,happy
25348,happy
25351,sad
25356,fear
25379,sad
25381,sad
2539,happy
25410,happy
25412,sad
25425,sad
2546,fear
25510,happy
25529,fear
25576,sad
25582,sad
25597,neutral
25632,neutral
25643,angry
2565,neutral
25819,happy
25832,neutral
25843,sad
25920,neutral
25961,neutral
25983,fear
25985,fear
26005,sad
26006,angry
26040,neutral
26079,happy
2615,fear
26198,sad
26249,neutral
26269,angry
26270,happy
26292,fear
26304,neutral
26313,happy
26321,happy
2633,neutral
26339,neutral
26346,happy
2635,sad
26355,angry
26368,sad
26378,fear
26398,sad
26404,neutral
26443,happy
26484,happy
26501,sad
26543,happy
26566,angry
26573,sad
26581,sad
26586,sad
26600,happy
26612,angry
26670,neutral
26675,sad
26683,sad
26702,sad
26747,surprise
26772,happy
26834,neutral
2690,happy
26959,fear
26970,happy
27005,neutral
27027,sad
27035,sad
27052,neutral
27117,neutral
27124,neutral
27258,sad
27292,sad
27305,sad
27350,fear
27400,sad
27410,sad
27450,happy
27461,surprise
27471,neutral
2748,happy
2751,sad
27518,disgust
27522,sad
27561,angry
27562,happy
27576,fear
27585,surprise
27588,sad
27629,fear
27681,neutral
27694,neutral
27719,neutral
27759,neutral
27776,happy
27788,neutral
27810,happy
2785,neutral
27873,sad
2788,neutral
27887,fear
27913,sad
27948,sad
27993,sad
28053,sad
28073,happy
28091,sad
28100,happy
28137,surprise
28143,happy
28171,fear
28230,sad
28252,sad
28272,sad
28294,sad
28296,sad
28396,happy
28424,sad
28426,happy
28465,fear
28552,fear
28555,sad
28568,happy
28596,neutral
28696,neutral
28700,happy
28794,sad
28895,happy
28966,sad
2902,fear
29058,sad
29082,angry
29112,happy
29121,neutral
29150,angry
29194,sad
29226,sad
29243,angry
29295,surprise
29298,angry
29305,sad
29318,sad
29322,fear
2934,sad
29379,happy
29383,neutral
2945,neutral
2950,sad
29529,happy
29553,sad
29561,happy
29580,happy
29585,sad
29617,sad
29622,angry
29627,angry
29628,sad
29632,happy
29652,happy
29692,neutral
29703,sad
29756,fear
29757,angry
29792,surprise
29819,angry
29835,sad
29875,neutral
29897,sad
29936,sad
29937,happy
29941,neutral
29970,sad
29973,sad
29998,angry
30001,sad
30035,sad
30045,sad
30056,sad
3007,sad
30080,angry
30094,surprise
30104,sad
30118,happy
3012,fear
30144,neutral
30170,neutral
30181,happy
30219,fear
30251,surprise
30274,sad
30289,surprise
30292,neutral
30326,sad
30331,sad
30358,sad
30377,sad
30410,sad
30439,neutral
30440,neutral
30462,sad
30541,happy
30552,angry
3056,neutral
30565,happy
3059,happy
30611,sad
3075,sad
30763,sad
30789,neutral
30817,happy
30818,sad
30853,angry
30867,sad
3088,angry
3094,neutral
31009,neutral
31068,surprise
31072,sad
31099,sad
31104,sad
31113,sad
31149,sad
3118,sad
312,angry
31248,happy
31265,sad
31328,sad
31367,happy
3139,neutral
31390,fear
31409,angry
31424,happy
31506,sad
31510,surprise
31527,happy
31534,happy
31634,sad
31643,angry
31653,fear
31663,neutral
31665,happy
31669,surprise
3169,sad
31712,sad
31720,sad
31836,sad
31857,happy
3187,happy
32005,sad
32029,surprise
3206,happy
32139,fear
32175,sad
32183,neutral
32189,sad
32202,sad
32268,fear
32296,angry
32297,neutral
3235,angry
32383,happy
32394,happy
32422,neutral
32565,sad
32580,angry
32582,sad
32613,happy
3263,sad
32711,happy
32744,angry
32768,surprise
32814,sad
32818,fear
32836,happy
32843,angry
32859,happy
32861,neutral
32898,happy
32903,sad
32911,neutral
32932,sad
32982,happy
33089,sad
33152,fear
33213,happy
33227,fear
33247,angry
33276,happy
33295,happy
33302,sad
33331,happy
33371,angry
33373,fear
33421,sad
33492,angry
33516,neutral
33523,sad
33538,happy
33628,sad
33636,happy
33640,sad
33686,sad
33691,surprise
33693,sad
33736,happy
33747,neutral
3378,sad
33780,sad
33786,happy
3382,sad
33820,neutral
33936,neutral
33962,neutral
33988,fear
3403,sad
34070,fear
34121,surprise
34176,happy
34195,sad
34205,angry
34242,sad
34250,surprise
3433,happy
34387,happy
34408,fear
34413,surprise
34427,angry
34477,happy
34509,angry
34533,happy
34605,neutral
34610,angry
34629,sad
34633,angry
34679,sad
34694,sad
3477,happy
34788,sad
34798,happy
34799,happy
34820,sad
34827,happy
34905,fear
34913,sad
34917,sad
3492,neutral
34945,angry
34985,happy
34988,neutral
34991,fear
350,sad
35030,surprise
35039,sad
35043,sad
35058,sad
3506,sad
3508,sad
35116,sad
35131,sad
35148,happy
3518,angry
35192,sad
35214,happy
35297,neutral
35318,fear
35375,surprise
35386,sad
35411,angry
3546,neutral
35528,surprise
35567,surprise
35605,fear
35615,fear
35639,neutral
35691,sad
35737,neutral
35768,sad
35812,happy
35873,fear
359,sad
3634,happy
3653,neutral
3661,neutral
3731,angry
3767,sad
3825,sad
3855,neutral
3869,fear
3922,sad
3951,sad
3972,angry
3988,happy
4130,sad
4207,angry
422,sad
4233,sad
4274,angry
4381,fear
4389,neutral
4412,happy
4415,sad
4441,angry
4482,fear
4534,neutral
4572,happy
4594,happy
4596,sad
4615,sad
4624,angry
4697,sad
4714,fear
4734,neutral
4736,fear
4764,sad
4771,happy
4811,happy
4860,sad
4940,sad
4951,sad
4958,happy
4987,happy
5004,sad
505,sad
5055,happy
5056,happy
5058,surprise
5061,sad
5100,neutral
5101,sad
5107,neutral
5147,neutral
5166,neutral
5177,happy
5224,sad
5229,fear
5374,neutral
5435,angry
5466,neutral
5560,neutral
5629,neutral
5642,fear
5689,happy
5710,happy
580,sad
5836,neutral
5910,fear
5995,angry
6025,happy
6033,angry
6109,sad
6137,angry
6149,sad
6187,sad
6215,neutral
6265,happy
6304,sad
6312,sad
6353,sad
6400,fear
6449,sad
6459,neutral
6467,sad
6492,happy
6521,angry
6529,sad
6551,neutral
6557,neutral
6563,sad
6645,sad
6660,sad
6720,neutral
6735,sad
6771,happy
680,neutral
6833,sad
6860,sad
688,neutral
6897,happy
6901,neutral
6904,fear
6915,surprise
6930,surprise
6957,neutral
6960,happy
6964,sad
70,neutral
7030,happy
7037,sad
7039,happy
7119,sad
7121,sad
7165,happy
7232,fear
7253,fear
7268,sad
7275,happy
7287,sad
7301,happy
7337,happy
7371,neutral
7400,happy
7406,neutral
7430,happy
7475,neutral
7502,surprise
7536,happy
7566,sad
7569,happy
761,neutral
7618,surprise
7623,neutral
7675,sad
7679,sad
7724,happy
7776,surprise
7806,neutral
7848,fear
7877,fear
7878,sad
7943,neutral
7962,fear
7963,angry
7976,sad
798,angry
800,sad
8039,sad
8056,happy
8098,angry
8099,neutral
8102,sad
8146,fear
8164,sad
8197,sad
8203,angry
822,fear
8223,happy
8238,happy
8252,sad
8266,happy
8333,happy
8390,sad
8430,sad
8525,happy
8580,happy
8614,surprise
8639,sad
8659,happy
8702,sad
8718,sad
8738,fear
8761,neutral
8814,neutral
8834,fear
8851,happy
8876,sad
8892,sad
8925,neutral
8953,sad
8955,happy
8958,happy
9006,surprise
9028,sad
9066,neutral
9073,angry
9082,sad
9087,fear
9119,neutral
9142,happy
9171,neutral
9219,sad
922,happy
9238,happy
9267,sad
9327,neutral
9338,angry
9387,sad
9405,happy
9454,neutral
9457,neutral
9459,happy
9463,happy
9465,neutral
9498,happy
9508,sad
9548,happy
9689,happy
9693,angry
9713,neutral
9769,happy
977,sad
98,angry
9841,happy
9864,happy
987,fear
9885,surprise
9889,neutral
9923,sad
10056,surprise
10097,neutral
10162,neutral
10185,surprise
10246,surprise
10259,surprise
10268,happy
10306,surprise
1033,surprise
10365,surprise
10372,surprise
10444,surprise
10545,surprise
10625,fear
10701,surprise
10734,surprise
10755,sad
10768,surprise
10800,fear
10813,fear
10820,surprise
10837,neutral
10866,surprise
10909,happy
10931,neutral
10950,surprise
11000,fear
11043,happy
1107,neutral
11126,happy
11139,surprise
1118,surprise
11302,surprise
11414,fear
11418,surprise
11429,sad
11451,surprise
11466,surprise
11589,surprise
11670,surprise
11721,surprise
1176,surprise
11786,happy
11848,surprise
11865,angry
11902,surprise
12086,surprise
12107,surprise
12131,surprise
12134,surprise
12312,surprise
12320,fear
12338,surprise
1239,fear
12463,fear
12470,surprise
1249,surprise
12504,surprise
12529,surprise
12551,fear
12567,happy
12626,surprise
12684,happy
12723,surprise
12748,surprise
12768,surprise
12903,happy
12924,happy
12960,surprise
12973,surprise
13009,neutral
13080,surprise
13101,surprise
13145,surprise
13169,neutral
13203,happy
13205,surprise
13230,surprise
13288,surprise
13460,surprise
13521,surprise
13622,surprise
13684,surprise
13740,surprise
1376,happy
13837,surprise
13876,surprise
14080,surprise
14091,disgust
14115,surprise
14305,surprise
14331,surprise
14375,angry
1449,surprise
1457,surprise
14647,surprise
14691,surprise
14697,surprise
14798,surprise
14914,surprise
14927,happy
14968,surprise
15008,fear
15034,surprise
15037,happy
15047,surprise
15101,fear
1515,fear
15179,surprise
15238,surprise
15244,sad
15263,surprise
15354,surprise
15378,surprise
15383,sad
15416,happy
15454,surprise
15467,surprise
15486,surprise
15487,surprise
15518,happy
15524,surprise
15527,surprise
15533,surprise
15628,surprise
15635,happy
15788,angry
15802,happy
1583,sad
15922,surprise
15944,surprise
16110,happy
16133,surprise
16172,surprise
16229,surprise
16237,surprise
16280,surprise
16396,sad
16415,neutral
16441,sad
16507,angry
16530,surprise
16646,angry
16666,fear
16721,surprise
16756,happy
16774,sad
16829,happy
16886,surprise
16901,happy
16947,surprise
16959,surprise
16980,surprise
16995,happy
17016,fear
17019,happy
17027,surprise
17044,fear
1710,angry
17137,happy
17148,surprise
17157,sad
17161,happy
17177,surprise
17205,surprise
17245,happy
17290,surprise
17309,surprise
1735,surprise
17350,happy
17422,fear
17429,fear
17433,fear
1750,surprise
176,fear
17610,surprise
1764,surprise
17693,surprise
17845,fear
17906,angry
17919,surprise
17952,surprise
1800,surprise
18026,surprise
18038,surprise
18132,surprise
18198,surprise
18285,fear
18313,surprise
18393,surprise
18436,neutral
18521,surprise
18555,surprise
18577,surprise
18613,neutral
18615,sad
18619,surprise
18631,surprise
1864,surprise
18678,surprise
18706,surprise
18742,surprise
18862,surprise
18864,surprise
19051,surprise
1911,surprise
1914,surprise
19142,happy
19177,fear
19187,sad
19267,surprise
19314,surprise
19362,happy
19389,neutral
19431,surprise
1945,surprise
1952,surprise
19594,surprise
19601,surprise
19650,surprise
19665,surprise
19720,happy
19755,surprise
19795,surprise
1992,surprise
19972,fear
20041,happy
20146,surprise
20148,surprise
20162,surprise
20167,surprise
20262,surprise
20293,surprise
20369,angry
20373,surprise
20387,fear
20407,happy
20467,surprise
20573,happy
20584,surprise
20594,happy
20664,neutral
20691,surprise
20786,surprise
20855,surprise
20882,surprise
2090,surprise
20935,fear
20947,happy
20967,surprise
20989,angry
21044,fear
21072,angry
21074,surprise
2114,surprise
21148,surprise
21151,surprise
21153,fear
21154,surprise
2119,surprise
21217,surprise
21233,happy
21239,surprise
21299,surprise
21417,surprise
2146,sad
21461,surprise
21468,surprise
21545,surprise
21570,angry
21578,surprise
21587,surprise
2168,surprise
2173,surprise
21807,surprise
21824,surprise
21834,surprise
21887,happy
21896,fear
21906,fear
2195,surprise
21973,surprise
21987,surprise
2200,surprise
22019,happy
22025,happy
22128,surprise
22131,surprise
22278,surprise
2228,fear
22305,surprise
22322,surprise
2234,surprise
22372,surprise
22497,surprise
22509,angry
22525,surprise
22666,surprise
22741,sad
22771,surprise
22864,sad
22921,surprise
23053,surprise
23151,fear
23155,fear
23328,surprise
23346,neutral
23386,fear
23413,happy
23433,happy
23661,surprise
23662,surprise
23739,surprise
23747,surprise
23751,surprise
23885,fear
23893,fear
23917,happy
23941,surprise
23943,neutral
23949,surprise
24022,neutral
24031,fear
24046,surprise
24050,surprise
24143,surprise
24163,surprise
24167,surprise
24174,surprise
24179,fear
24201,happy
24291,happy
24404,fear
24411,surprise
24415,surprise
24432,surprise
24433,neutral
2448,happy
24557,surprise
2461,surprise
24646,fear
24668,surprise
24756,sad
24893,angry
24904,happy
24921,surprise
25010,surprise
25036,surprise
25044,surprise
25107,surprise
25143,surprise
25188,surprise
25229,sad
25234,happy
25280,surprise
2529,surprise
25319,happy
25390,surprise
25397,surprise
25402,surprise
25416,surprise
25492,neutral
25539,surprise
25563,surprise
25571,surprise
256,surprise
25610,surprise
25636,happy
25674,surprise
25687,neutral
25709,fear
25742,surprise
25781,surprise
25808,surprise
25906,happy
25959,surprise
26076,surprise
26087,neutral
26101,surprise
26102,surprise
26133,surprise
2619,surprise
26243,fear
2634,happy
26452,surprise
26455,surprise
26483,surprise
26487,surprise
26500,surprise
26556,surprise
26626,happy
26708,surprise
26800,happy
26825,surprise
26907,surprise
26910,surprise
26914,surprise
26944,surprise
27025,happy
27039,surprise
27070,sad
27125,surprise
27165,happy
27174,surprise
27193,surprise
27240,surprise
27270,surprise
27273,surprise
27321,surprise
27325,surprise
27328,surprise
2744,fear
27566,surprise
27577,surprise
2758,surprise
27586,happy
2759,surprise
276,surprise
27696,surprise
27737,surprise
27756,happy
27774,surprise
27803,surprise
27916,fear
27919,sad
27926,surprise
27933,surprise
27973,surprise
27979,surprise
2803,neutral
28076,surprise
28082,angry
28130,surprise
28182,surprise
28219,sad
28236,sad
28287,surprise
28328,surprise
28335,sad
28342,happy
2835,fear
2837,surprise
28370,happy
28421,surprise
28441,surprise
28448,surprise
28476,surprise
28482,surprise
28501,surprise
28525,surprise
28639,surprise
28653,surprise
28666,fear
28667,surprise
28727,surprise
28803,angry
2886,sad
28864,surprise
28901,surprise
29038,fear
29110,surprise
29118,surprise
29164,surprise
29205,surprise
29225,surprise
29276,surprise
29283,fear
29354,sad
2949,happy
29515,surprise
29516,fear
29537,surprise
29540,surprise
29542,happy
29551,surprise
29557,sad
2956,surprise
29568,surprise
29618,surprise
29619,surprise
29677,happy
29690,surprise
29796,surprise
29797,surprise
29803,sad
29884,happy
29954,happy
3002,surprise
30173,surprise
30174,happy
30184,surprise
30190,surprise
30336,happy
30537,surprise
30620,surprise
30625,surprise
30628,surprise
30714,surprise
30726,surprise
30811,surprise
3084,happy
30943,surprise
30989,surprise
31005,surprise
31054,surprise
31097,surprise
31102,surprise
31194,surprise
31198,surprise
31206,surprise
31223,surprise
31353,surprise
31364,neutral
31533,surprise
31563,surprise
3157,surprise
31631,fear
31662,surprise
31775,surprise
31781,surprise
31784,surprise
31799,surprise
31814,surprise
31826,surprise
31872,surprise
31882,surprise
31899,surprise
31953,fear
31961,surprise
32069,neutral
32132,surprise
32165,fear
32179,surprise
3223,surprise
3224,fear
32243,fear
32308,happy
32315,surprise
32324,surprise
32334,happy
32365,surprise
32395,surprise
32405,surprise
32420,surprise
32432,surprise
32510,surprise
32530,surprise
32630,surprise
32695,fear
32727,surprise
32734,fear
32753,surprise
32756,happy
32894,fear
32968,sad
32979,surprise
330,surprise
33039,fear
33055,surprise
33072,surprise
33079,angry
33147,surprise
33180,surprise
33290,surprise
33316,surprise
33329,surprise
33364,surprise
33376,sad
33378,surprise
33405,neutral
33411,surprise
3354,surprise
336,surprise
33667,surprise
33677,happy
33745,surprise
33759,surprise
33789,surprise
33800,sad
33879,surprise
3392,surprise
33993,fear
33997,angry
34004,angry
34034,surprise
34039,surprise
34072,surprise
34087,happy
34134,surprise
34162,surprise
34212,happy
3423,surprise
34237,surprise
34252,neutral
34288,fear
34385,neutral
34400,surprise
34416,happy
34439,fear
3445,surprise
34546,surprise
34557,surprise
34664,surprise
34674,surprise
34722,fear
34787,disgust
34813,surprise
34844,surprise
34904,surprise
34926,surprise
34984,surprise
34986,surprise
35049,surprise
35063,surprise
35083,surprise
35084,neutral
35118,surprise
35121,fear
35144,happy
35154,surprise
35156,angry
35194,surprise
35201,surprise
35212,surprise
35237,surprise
35276,fear
35355,fear
35384,surprise
35387,surprise
35399,happy
35511,surprise
35524,surprise
35530,happy
35608,surprise
35644,happy
35684,surprise
35688,surprise
35757,surprise
35790,surprise
35823,happy
35833,surprise
35857,surprise
35872,neutral
3603,surprise
3607,surprise
3635,surprise
3675,surprise
3691,surprise
3756,surprise
3765,surprise
3858,surprise
3874,happy
3878,surprise
3925,happy
4036,surprise
4072,fear
4076,surprise
4080,neutral
4086,surprise
413,surprise
4199,happy
4243,surprise
4289,happy
4347,surprise
435,fear
4352,sad
438,surprise
4390,surprise
4431,surprise
4486,surprise
4513,surprise
4536,surprise
4570,happy
4621,surprise
4636,surprise
4657,happy
4685,surprise
4698,surprise
4793,surprise
4895,surprise
4912,neutral
5037,surprise
5077,surprise
51,neutral
5138,surprise
5178,fear
518,surprise
5310,fear
5375,surprise
5419,fear
5450,happy
5513,surprise
5530,surprise
5595,surprise
5636,surprise
5664,surprise
5706,surprise
5771,surprise
5778,fear
5855,fear
5893,surprise
5938,happy
5943,sad
5997,fear
6046,neutral
6050,surprise
6167,surprise
6184,surprise
6216,surprise
6219,surprise
6247,surprise
6309,surprise
6360,surprise
6410,surprise
6415,surprise
6425,surprise
6427,surprise
647,sad
6518,surprise
6598,surprise
6647,surprise
670,surprise
6711,happy
6716,neutral
675,surprise
6797,fear
6877,happy
692,surprise
6966,surprise
7024,angry
7032,happy
7153,surprise
7203,surprise
7211,surprise
726,sad
7459,surprise
7512,surprise
7562,surprise
7582,surprise
759,neutral
7626,surprise
7761,surprise
7774,surprise
78,surprise
783,angry
7865,surprise
7874,surprise
788,happy
7926,surprise
7957,happy
8016,fear
8021,sad
8042,surprise
8063,happy
8115,surprise
8137,surprise
8143,surprise
8173,surprise
8240,fear
8309,happy
8329,surprise
8404,sad
8421,surprise
843,fear
8439,sad
8478,happy
8489,surprise
867,fear
8736,surprise
8837,surprise
8928,surprise
8973,surprise
9017,surprise
9021,fear
9118,surprise
9141,surprise
9162,surprise
9309,surprise
9367,surprise
9380,surprise
9450,surprise
9467,surprise
947,surprise
9499,surprise
9541,surprise
9546,neutral
9560,surprise
9630,surprise
9644,neutral
9681,surprise
9776,happy
9786,happy
9806,surprise
9830,surprise
9853,surprise
9878,neutral
993,surprise
